file_size,file_entropy,num_strings,mean_section_entropy,max_section_entropy,num_imports,suspicious_imports,crypto_api_detected,label,family,filename
4405080,7.978996714655323,51116,4.280060058559463,6.4174599871908855,164,0,0,0,,notepad-plus-plus_v8.5.7_npp.8.5.7.Installer.arm64.exe
913664,7.935294267466843,10483,4.5798770380049,7.216076133259911,164,0,0,0,,downloads_sourceforge_net_a9156caf_SMPlayer_Portable_MPlayer_Codec_Addon_2007-10-07_online.paf.exe
25446,5.320018297131351,293,,,,,,0,,portableapps_com_6aa38705_.exe
6359232,7.988483014140291,75082,4.279728171963237,6.4378696011937135,162,0,0,0,,notepad-plus-plus_v8.7.8_npp.8.7.8.Installer.arm64.exe
1392480,7.961614793707101,16440,4.587118132062105,7.866475144296684,171,0,0,0,,Greenshot_for_PortableApps_1.2.10.6-RELEASE.paf.exe
208494592,7.996196706760069,2369479,4.660605157410394,6.748278735648908,237,1,1,0,,PowerToys_v0.84.1_PowerToysSetup-0.84.1-arm64.exe
25594,5.322126179648342,293,,,,,,0,,portableapps_com_79821873_.exe
122672,4.930053207532837,2792,,,,,,0,,Xye_Portable_Complete_Puzzle_Pack_2017-06-11.paf.exe
284275840,7.998912111381077,3306163,4.658614276270413,6.748278735648908,237,1,1,0,,PowerToys_v0.86.0_PowerToysUserSetup-0.86.0-x64.exe
6661840,7.989391992750207,78093,4.279724881251898,6.4378696011937135,162,0,0,0,,notepad-plus-plus_npp.8.8.1.Installer.exe
6541144,7.98891580910858,77370,4.27972813107049,6.4378696011937135,162,0,0,0,,notepad-plus-plus_v8.6.9_npp.8.6.9.Installer.x64.exe
25451,5.320458035312935,293,,,,,,0,,portableapps_com_6041f101_.exe
25581,5.329587944392557,293,,,,,,0,,portableapps_com_b66c58c7_.exe
287421056,7.998913581181362,3342931,4.660562667373072,6.748278735648908,237,1,1,0,,PowerToys_v0.87.0_PowerToysUserSetup-0.87.0-x64.exe
4766752,7.981430083800899,55777,4.280056838525944,6.4174599871908855,164,0,0,0,,notepad-plus-plus_v8.5.1_npp.8.5.1.Installer.x64.exe
4691480,7.9808950039863085,54926,4.280058619944105,6.4174599871908855,164,0,0,0,,notepad-plus-plus_v8.6.1_npp.8.6.1.Installer.exe
405948616,7.998838606225224,4714587,4.660025661535091,6.748278735648908,237,1,1,0,,PowerToys_v0.91.1_PowerToysSetup-0.91.1-x64.exe
320646304,7.999929988566953,3824602,3.2113995889398623,6.357635049994181,142,1,0,0,,gimp-2.10.36-setup.exe
4662072,7.980756087008145,54872,4.280055294906062,6.4174599871908855,164,0,0,0,,notepad-plus-plus_v8.5.4_npp.8.5.4.Installer.x64.exe
6283792,7.988240063670885,73727,4.279724916830299,6.4378696011937135,162,0,0,0,,notepad-plus-plus_v8.7.1_npp.8.7.1.Installer.arm64.exe
6371448,7.988541394884166,74592,4.2797303582396236,6.4378696011937135,162,0,0,0,,notepad-plus-plus_v8.7.9_npp.8.7.9.Installer.arm64.exe
284098168,7.997055270375452,3256162,4.660489490170843,6.748278735648908,237,1,1,0,,PowerToys_v0.88.0_PowerToysUserSetup-0.88.0-arm64.exe
4691928,7.981066903363457,54765,4.280059104210972,6.4174599871908855,164,0,0,0,,notepad-plus-plus_v8.6.2_npp.8.6.2.Installer.exe
4832328,7.981888616850151,56851,4.279717036071612,6.4378696011937135,162,0,0,0,,notepad-plus-plus_v8.6.8_npp.8.6.8.Installer.exe
1783200,7.955817712928208,20474,2.9938299416599294,6.3752135040515485,122,1,0,0,,Greenshot-INSTALLER-1.2.10.6-RELEASE.exe
282922568,7.997003629959673,3239571,4.659280091547128,6.748278735648908,237,1,1,0,,PowerToys_v0.87.0_PowerToysSetup-0.87.0-arm64.exe
4704376,7.980979172263416,54905,4.280060038909417,6.4174599871908855,164,0,0,0,,notepad-plus-plus_v8.5.6_npp.8.5.6.Installer.x64.exe
6493888,7.988921756528482,76523,4.279725401097165,6.4378696011937135,162,0,0,0,,notepad-plus-plus_v8.7.2_npp.8.7.2.Installer.exe
10705448,7.998125451361719,126951,2.919342450828716,6.3752135040515485,122,1,0,0,,WinMerge-2.16.48.2-Setup.exe
275096392,7.998914328336695,3198719,4.6579754934589594,6.748278735648908,237,1,1,0,,PowerToys_v0.85.1_PowerToysSetup-0.85.1-x64.exe
25585,5.3284052965981035,293,,,,,,0,,portableapps_com_3b6e7e17_.exe
4840120,7.981945337277555,56461,4.280059104210972,6.4174599871908855,164,0,0,0,,notepad-plus-plus_v8.6.2_npp.8.6.2.Installer.x64.exe
401598880,7.998856935249277,4665588,4.660562432877882,6.748278735648908,237,1,1,0,,PowerToys_v0.90.0_PowerToysUserSetup-0.90.0-x64.exe
4844824,7.981889589353985,56876,4.2800571470020445,6.4174599871908855,164,0,0,0,,notepad-plus-plus_v8.6.4_npp.8.6.4.Installer.x64.exe
25534,5.327635969481513,293,,,,,,0,,portableapps_com_c6d67311_.exe
6651952,7.989251643735899,78011,4.279725401097165,6.4378696011937135,162,0,0,0,,notepad-plus-plus_v8.7.2_npp.8.7.2.Installer.x64.exe
6459184,7.988732157002397,76005,4.279724916830299,6.4378696011937135,162,0,0,0,,notepad-plus-plus_v8.7.1_npp.8.7.1.Installer.exe
397573624,7.9968758804566455,4549109,4.6591973752482305,6.748278735648908,237,1,1,0,,PowerToys_v0.90.0_PowerToysUserSetup-0.90.0-arm64.exe
4522448,7.979683536825978,52662,4.280059104210972,6.4174599871908855,164,0,0,0,,notepad-plus-plus_v8.6.2_npp.8.6.2.Installer.arm64.exe
6824080,7.989711533359945,79810,4.279724881251898,6.4378696011937135,162,0,0,0,,notepad-plus-plus_v8.8.1_npp.8.8.1.Installer.x64.exe
6494160,7.988904570401263,76375,4.279722274254895,6.4378696011937135,162,0,0,0,,notepad-plus-plus_v8.7.3_npp.8.7.3.Installer.exe
6637056,7.989394973427714,77876,4.2797046854309135,6.4378696011937135,162,0,0,0,,notepad-plus-plus_v8.7_npp.8.7.Installer.x64.exe
279761984,7.997061114767127,3209913,4.659853199240165,6.748278735648908,237,1,1,0,,PowerToys_v0.86.0_PowerToysUserSetup-0.86.0-arm64.exe
121651,4.923373021999301,2794,,,,,,0,,Pidgin-OTR_Portable_4.0.2.paf.exe
25882,5.333942527753308,293,,,,,,0,,portableapps_com_3a5b1e70_.exe
40378368,7.998554228932415,468880,4.659132666657052,6.748278735648908,237,1,1,0,,PowerToys_v0.84.1_PowerToysSetup-0.84.1-x64.exe
122092,4.923598589335524,2794,,,,,,0,,jPortableBrowserSwitch_1.0_English.paf.exe
4695112,7.981026200710292,54830,4.279719218669259,6.4378696011937135,162,0,0,0,,notepad-plus-plus_v8.6.6_npp.8.6.6.Installer.exe
270674144,7.996991537445709,3100973,4.660613001081512,6.748278735648908,237,1,1,0,,PowerToys_v0.85.1_PowerToysSetup-0.85.1-arm64.exe
6317248,7.988390951124653,74243,4.279725401097165,6.4378696011937135,162,0,0,0,,notepad-plus-plus_v8.7.2_npp.8.7.2.Installer.arm64.exe
4471968,7.979437435190939,52264,4.280057803859329,6.4174599871908855,164,0,0,0,,notepad-plus-plus_v8.5.8_npp.8.5.8.Installer.arm64.exe
6703352,7.989535182918511,78775,4.2797303582396236,6.4378696011937135,162,0,0,0,,notepad-plus-plus_v8.7.9_npp.8.7.9.Installer.x64.exe
6496448,7.988895741289266,76175,4.279723443888236,6.4378696011937135,162,0,0,0,,notepad-plus-plus_v8.7.4_npp.8.7.4.Installer.exe
397572600,7.996876113766258,4548750,4.6605821264525344,6.748278735648908,237,1,1,0,,PowerToys_v0.90.0_PowerToysSetup-0.90.0-arm64.exe
6490760,7.988854959706848,76466,4.279728543314696,6.4378696011937135,162,0,0,0,,notepad-plus-plus_v8.7.5_npp.8.7.5.Installer.exe
25864,5.328162089914655,293,,,,,,0,,portableapps_com_68a2af35_.exe
401311192,7.998853882032231,4659417,4.659287101447621,6.748278735648908,237,1,1,0,,PowerToys_v0.90.1_PowerToysUserSetup-0.90.1-x64.exe
284430936,7.997038897376267,3259461,4.661148574611496,6.748278735648908,237,1,1,0,,PowerToys_v0.89.0_PowerToysUserSetup-0.89.0-arm64.exe
4840624,7.981974555413039,56837,4.279717407423071,6.4378696011937135,162,0,0,0,,notepad-plus-plus_v8.6.5_npp.8.6.5.Installer.x64.exe
6490352,7.988860493479721,75637,4.279724881251898,6.4378696011937135,162,0,0,0,,notepad-plus-plus_npp.8.8.1.Installer.arm64.exe
4642656,7.980631750745735,53898,4.280057803859329,6.4174599871908855,164,0,0,0,,notepad-plus-plus_v8.5.8_npp.8.5.8.Installer.exe
4319256,7.978111012152741,50552,4.280054125272721,6.4174599871908855,164,0,0,0,,notepad-plus-plus_v8.5.3_npp.8.5.3.Installer.arm64.exe
401309856,7.998853696864748,4659676,4.660032504925066,6.748278735648908,237,1,1,0,,PowerToys_v0.90.1_PowerToysSetup-0.90.1-x64.exe
282985168,7.997041266629836,3243370,4.6599574149556275,6.748278735648908,237,1,1,0,,PowerToys_v0.87.1_PowerToysSetup-0.87.1-arm64.exe
320646304,7.999929988566953,3824602,3.2113995889398623,6.357635049994181,142,1,0,0,,GIMP.exe
6490352,7.988860493479721,75637,4.279724881251898,6.4378696011937135,162,0,0,0,,npp.8.8.1.Installer.arm64.exe
4843360,7.9819796632394855,56688,4.280058619944105,6.4174599871908855,164,0,0,0,,notepad-plus-plus_v8.6.1_npp.8.6.1.Installer.x64.exe
6317448,7.988274127549998,74010,4.279728543314696,6.4378696011937135,162,0,0,0,,notepad-plus-plus_v8.7.5_npp.8.7.5.Installer.arm64.exe
4854296,7.982054652132125,56665,4.279719279169099,6.4378696011937135,162,0,0,0,,notepad-plus-plus_v8.6.7_npp.8.6.7.Installer.x64.exe
29475,4.731302269470466,498,,,,,,0,,vlc-3.0.20-win64.exe
318560,7.716830061810912,3483,4.578008432488103,7.275409899784315,165,0,0,0,,downloads_sourceforge_net_af5f5975_Xye_Portable_Complete_Puzzle_Pack_2017-06-11.paf.exe
401597584,7.998854345074464,4665533,4.660656796964621,6.748278735648908,237,1,1,0,,PowerToys_v0.90.0_PowerToysSetup-0.90.0-x64.exe
6319720,7.988365190758356,74154,4.279723443888236,6.4378696011937135,162,0,0,0,,notepad-plus-plus_v8.7.4_npp.8.7.4.Installer.arm64.exe
6501480,7.988874295451859,76373,4.279730373682603,6.4378696011937135,162,0,0,0,,notepad-plus-plus_v8.7.7_npp.8.7.7.Installer.exe
919904,7.931449889346531,10401,4.5491455265709515,7.1812709129580945,164,0,0,0,,portableapps_com_56230126_.exe
44420344,7.999873560676052,529350,3.808168126454676,7.1304183393172496,165,0,0,0,,VLC.exe
6652296,7.9892701933086645,78293,4.279723443888236,6.4378696011937135,162,0,0,0,,notepad-plus-plus_v8.7.4_npp.8.7.4.Installer.x64.exe
270674184,7.997003765956399,3101155,4.659879191327398,6.748278735648908,237,1,1,0,,PowerToys_v0.85.1_PowerToysUserSetup-0.85.1-arm64.exe
122293,4.925682009199025,2794,,,,,,0,,Pidgin_Portable_Facebook_Plugin_0.9.6.paf.exe
12199296,7.976975097156821,150992,3.4839281916384066,6.709466460182023,146,1,0,0,,WinMerge-2.16.48.2-ARM64-Setup.exe
284095432,7.997075906534905,3256693,4.660572133084745,6.748278735648908,237,1,1,0,,PowerToys_v0.88.0_PowerToysSetup-0.88.0-arm64.exe
2985268,7.992084808945537,35315,4.737343558387253,7.0302403868388526,110,0,0,0,,7z24.09-zstd-arm.exe
4558872,7.9801298353226935,53119,4.280056838525944,6.4174599871908855,164,0,0,0,,notepad-plus-plus_v8.5.1_npp.8.5.1.Installer.exe
6211440,7.988058166246434,72643,4.27972813107049,6.4378696011937135,162,0,0,0,,notepad-plus-plus_v8.6.9_npp.8.6.9.Installer.arm64.exe
8170320,7.740183695238425,91574,5.690447861748674,6.65376315053753,89,1,0,0,,youtube-dl.exe
275096880,7.9989168842922265,3198548,4.661244622597874,6.748278735648908,237,1,1,0,,PowerToys_v0.85.1_PowerToysUserSetup-0.85.1-x64.exe
2700800,7.991358303230839,31838,4.6330704156819476,7.8762855010283355,171,0,0,0,,downloads_sourceforge_net_fb81374e_WaveShop_Portable_LADSPA_Plugins_0.4.15_English.paf.exe
4682400,7.980868687943465,54973,4.279717407423071,6.4378696011937135,162,0,0,0,,notepad-plus-plus_v8.6.5_npp.8.6.5.Installer.exe
25382,5.3211767144060325,293,,,,,,0,,portableapps_com_1bdbc238_.exe
4850760,7.982005177188576,56371,4.279719218669259,6.4378696011937135,162,0,0,0,,notepad-plus-plus_v8.6.6_npp.8.6.6.Installer.x64.exe
4729136,7.981012393085185,54916,4.280060058559463,6.4174599871908855,164,0,0,0,,notepad-plus-plus_v8.5.7_npp.8.5.7.Installer.x64.exe
405949816,7.998839609341007,4714682,4.657732443115534,6.748278735648908,237,1,1,0,,PowerToys_v0.91.1_PowerToysUserSetup-0.91.1-x64.exe
6390144,7.988526818185753,74912,4.27972813107049,6.4378696011937135,162,0,0,0,,notepad-plus-plus_v8.6.9_npp.8.6.9.Installer.exe
279761792,7.997061417992281,3208188,4.659039093835691,6.748278735648908,237,1,1,0,,PowerToys_v0.86.0_PowerToysSetup-0.86.0-arm64.exe
25480,5.324851621233349,293,,,,,,0,,portableapps_com_1e12fca1_.exe
284275216,7.998912654857007,3305589,4.659359682023819,6.748278735648908,237,1,1,0,,PowerToys_v0.86.0_PowerToysSetup-0.86.0-x64.exe
6326640,7.988361036705919,74514,4.279730373682603,6.4378696011937135,162,0,0,0,,notepad-plus-plus_v8.7.7_npp.8.7.7.Installer.arm64.exe
1589510,7.99617273831884,18704,3.899129249936485,6.591966668904185,77,0,0,0,,7zip.exe
6824080,7.989711533359945,79810,4.279724881251898,6.4378696011937135,162,0,0,0,,npp.8.8.1.Installer.x64.exe
11224056,7.998304051892212,133578,2.9193690804857866,6.3752135040515485,122,1,0,0,,WinMerge-2.16.48.2-x64-PerUser-Setup.exe
4796432,7.981636241524827,55977,4.280057803859329,6.4174599871908855,164,0,0,0,,notepad-plus-plus_v8.5.8_npp.8.5.8.Installer.x64.exe
397319752,7.996837932381694,4542768,4.659874986163302,6.748278735648908,237,1,1,0,,PowerToys_v0.90.1_PowerToysUserSetup-0.90.1-arm64.exe
25863,5.3405117802288835,293,,,,,,0,,portableapps_com_df5f647e_.exe
4652152,7.98064080220393,54350,4.280054125272721,6.4174599871908855,164,0,0,0,,notepad-plus-plus_v8.5.3_npp.8.5.3.Installer.x64.exe
16959640,7.980776571500403,206201,3.607215411760791,6.712594833813409,146,1,0,0,,audacity-win-3.7.3-64bit.exe
6661840,7.989391992750207,78093,4.279724881251898,6.4378696011937135,162,0,0,0,,notepad-plus-plus_v8.8.1_npp.8.8.1.Installer.exe
288667648,7.998908543773345,3354751,4.660004015728485,6.748278735648908,237,1,1,0,,PowerToys_v0.89.0_PowerToysSetup-0.89.0-x64.exe
25662,5.325928585335143,293,,,,,,0,,portableapps_com_465ca9eb_.exe
6650624,7.989399939414043,77406,4.279722274254895,6.4378696011937135,162,0,0,0,,notepad-plus-plus_v8.7.3_npp.8.7.3.Installer.x64.exe
2731790,7.9878474653386355,32077,4.846321959627192,6.656310629273776,110,0,0,0,,7z24.09-zstd-x32.exe
400859472,7.996896204580261,4587751,4.657018053511725,6.748278735648908,237,1,1,0,,PowerToys_v0.91.1_PowerToysUserSetup-0.91.1-arm64.exe
25570,5.340725158107509,293,,,,,,0,,portableapps_com_165f4bc6_.exe
4683224,7.980990969934238,54390,4.2800571470020445,6.4174599871908855,164,0,0,0,,notepad-plus-plus_v8.6.4_npp.8.6.4.Installer.exe
122204,4.924222143392348,2794,,,,,,0,,Pidgin-Encryption_Portable_3.1_Rev_2.paf.exe
122385,4.930468333647011,2797,,,,,,0,,WaveShop_Portable_LADSPA_Plugins_0.4.15_English.paf.exe
4521352,7.9798043287683775,52388,4.280058619944105,6.4174599871908855,164,0,0,0,,notepad-plus-plus_v8.6.1_npp.8.6.1.Installer.arm64.exe
284428680,7.997019392231537,3256272,4.660580200815801,6.748278735648908,237,1,1,0,,PowerToys_v0.89.0_PowerToysSetup-0.89.0-arm64.exe
287456352,7.998913018103903,3343693,4.6584846441653545,6.748278735648908,237,1,1,0,,PowerToys_v0.87.1_PowerToysSetup-0.87.1-x64.exe
406183416,7.998846056644846,4716848,4.659253988421032,6.748278735648908,237,1,1,0,,PowerToys_v0.91.0_PowerToysUserSetup-0.91.0-x64.exe
9230616,7.997583366862052,109533,2.9187498361992574,6.3752135040515485,122,1,0,0,,WinMerge.exe
655728,7.8961222966162845,7440,4.584406073885681,7.238721312663817,164,0,0,0,,downloads_sourceforge_net_c41ac0f0_Pidgin_Portable_Facebook_Plugin_0.9.6.paf.exe
6808184,7.98971306867737,79870,4.279704649852514,6.4378696011937135,162,0,0,0,,notepad-plus-plus_v8.8_npp.8.8.Installer.x64.exe
4816456,7.981795124461489,55731,4.280038388544722,6.4174599871908855,164,0,0,0,,notepad-plus-plus_v8.6_npp.8.6.Installer.x64.exe
6824080,7.989711533359945,79810,4.279724881251898,6.4378696011937135,162,0,0,0,,notepad-plus-plus_npp.8.8.1.Installer.x64.exe
123098,4.9312836200325165,2795,,,,,,0,,SMPlayer_Portable_MPlayer_Codec_Addon_2007-10-07_online.paf.exe
288668408,7.9989098319350385,3354657,4.659663920032966,6.748278735648908,237,1,1,0,,PowerToys_v0.89.0_PowerToysUserSetup-0.89.0-x64.exe
25267,5.315842047191837,293,,,,,,0,,portableapps_com_0433009d_.exe
4572328,7.980175474831687,53317,4.280060058559463,6.4174599871908855,164,0,0,0,,notepad-plus-plus_v8.5.7_npp.8.5.7.Installer.exe
2072576,7.931221793615672,23244,4.279704649852514,6.4378696011937135,162,0,0,0,,notepad-plus-plus_npp.8.8.Installer.arm64.exe
4381176,7.978829487298547,50842,4.280060038909417,6.4174599871908855,164,0,0,0,,notepad-plus-plus_v8.5.6_npp.8.5.6.Installer.arm64.exe
3036304,7.9817525231282005,36351,4.138478386101841,6.46079318722629,117,0,0,0,,7z24.09-zstd-x64.exe
400858256,7.996900683161192,4588852,4.659299575716588,6.748278735648908,237,1,1,0,,PowerToys_v0.91.1_PowerToysSetup-0.91.1-arm64.exe
4497336,7.979668353548597,52591,4.280038388544722,6.4174599871908855,164,0,0,0,,notepad-plus-plus_v8.6_npp.8.6.Installer.arm64.exe
1489936,7.972916637054655,17473,4.58514349121112,7.272977969027989,166,0,0,0,,downloads_sourceforge_net_734f5efa_Pidgin-OTR_Portable_4.0.2.paf.exe
275100840,7.99890525280118,3198625,4.659359492585696,6.748278735648908,237,1,1,0,,PowerToys_v0.85.0_PowerToysSetup-0.85.0-x64.exe
11224968,7.998299693703367,133550,2.9193544770659785,6.3752135040515485,122,1,0,0,,WinMerge-2.16.48.2-x64-Setup.exe
4514072,7.979611271023724,52322,4.2800571470020445,6.4174599871908855,164,0,0,0,,notepad-plus-plus_v8.6.4_npp.8.6.4.Installer.arm64.exe
433328,7.776416325728238,4689,4.586861767210128,7.866475144296684,171,0,0,0,,downloads_sourceforge_net_f2ce5f50_Pidgin-Encryption_Portable_3.1_Rev_2.paf.exe
282915944,7.99702214394721,3239551,4.660499507009491,6.748278735648908,237,1,1,0,,PowerToys_v0.87.0_PowerToysUserSetup-0.87.0-arm64.exe
6317888,7.988333990132027,74197,4.279722274254895,6.4378696011937135,162,0,0,0,,notepad-plus-plus_v8.7.3_npp.8.7.3.Installer.arm64.exe
6490352,7.988860493479721,75637,4.279724881251898,6.4378696011937135,162,0,0,0,,notepad-plus-plus_v8.8.1_npp.8.8.1.Installer.arm64.exe
288243088,7.9989178371853535,3348376,4.6566463507061995,6.748278735648908,237,1,1,0,,PowerToys_v0.88.0_PowerToysUserSetup-0.88.0-x64.exe
6659856,7.989291504307191,78444,4.279730373682603,6.4378696011937135,162,0,0,0,,notepad-plus-plus_v8.7.7_npp.8.7.7.Installer.x64.exe
287457208,7.998913669264627,3343381,4.659692365687907,6.748278735648908,237,1,1,0,,PowerToys_v0.87.1_PowerToysUserSetup-0.87.1-x64.exe
4504688,7.979591348284468,52002,4.279719218669259,6.4378696011937135,162,0,0,0,,notepad-plus-plus_v8.6.6_npp.8.6.6.Installer.arm64.exe
400954408,7.996896010305019,4589511,4.661143953057451,6.748278735648908,237,1,1,0,,PowerToys_v0.91.0_PowerToysUserSetup-0.91.0-arm64.exe
6661560,7.989321616859142,78240,4.279730395410678,6.4378696011937135,162,0,0,0,,notepad-plus-plus_v8.7.6_npp.8.7.6.Installer.x64.exe
287420248,7.9989140713661095,3342979,4.655745623076645,6.748278735648908,237,1,1,0,,PowerToys_v0.87.0_PowerToysSetup-0.87.0-x64.exe
25487,5.323159207620864,293,,,,,,0,,portableapps_com_c1cdee96_.exe
6695632,7.9893670379238575,78361,4.279728171963237,6.4378696011937135,162,0,0,0,,notepad-plus-plus_v8.7.8_npp.8.7.8.Installer.x64.exe
6616496,7.989146941886704,77721,4.279724916830299,6.4378696011937135,162,0,0,0,,notepad-plus-plus_v8.7.1_npp.8.7.1.Installer.x64.exe
6649056,7.989284753269332,78518,4.279728543314696,6.4378696011937135,162,0,0,0,,notepad-plus-plus_v8.7.5_npp.8.7.5.Installer.x64.exe
6484488,7.98889106424904,76471,4.2797046854309135,6.4378696011937135,162,0,0,0,,notepad-plus-plus_v8.7_npp.8.7.Installer.exe
4670120,7.980845840020637,54553,4.280038388544722,6.4174599871908855,164,0,0,0,,notepad-plus-plus_v8.6_npp.8.6.Installer.exe
4414224,7.979023478655954,51527,4.280056838525944,6.4174599871908855,164,0,0,0,,notepad-plus-plus_v8.5.1_npp.8.5.1.Installer.arm64.exe
4652656,7.9807106936678895,54453,4.279717036071612,6.4378696011937135,162,0,0,0,,notepad-plus-plus_v8.6.8_npp.8.6.8.Installer.arm64.exe
270632208,7.996996633575576,3101087,4.659284636006345,6.748278735648908,237,1,1,0,,PowerToys_v0.85.0_PowerToysSetup-0.85.0-arm64.exe
288241952,7.998921219184005,3346376,4.6606469153060095,6.748278735648908,237,1,1,0,,PowerToys_v0.88.0_PowerToysSetup-0.88.0-x64.exe
6533408,7.9888678062897185,76504,4.279728171963237,6.4378696011937135,162,0,0,0,,notepad-plus-plus_v8.7.8_npp.8.7.8.Installer.exe
406182128,7.998846138994645,4717151,4.661301477507771,6.748278735648908,237,1,1,0,,PowerToys_v0.91.0_PowerToysSetup-0.91.0-x64.exe
4985152,7.982823315924533,58428,4.279717036071612,6.4378696011937135,162,0,0,0,,notepad-plus-plus_v8.6.8_npp.8.6.8.Installer.x64.exe
6661840,7.989391992750207,78093,4.279724881251898,6.4378696011937135,162,0,0,0,,npp.8.8.1.Installer.exe
4701256,7.981065092934429,54572,4.279719279169099,6.4378696011937135,162,0,0,0,,notepad-plus-plus_v8.6.7_npp.8.6.7.Installer.exe
4661096,7.980758914758303,54333,4.28005725211499,6.4174599871908855,164,0,0,0,,notepad-plus-plus_v8.5.2_npp.8.5.2.Installer.x64.exe
397318208,7.996852749343521,4543884,4.655291974984999,6.748278735648908,237,1,1,0,,PowerToys_v0.90.1_PowerToysSetup-0.90.1-arm64.exe
270630992,7.997025900203159,3102431,4.657899782310679,6.748278735648908,237,1,1,0,,PowerToys_v0.85.0_PowerToysUserSetup-0.85.0-arm64.exe
6501208,7.98895749195165,76762,4.279730395410678,6.4378696011937135,162,0,0,0,,notepad-plus-plus_v8.7.6_npp.8.7.6.Installer.exe
4550160,7.980071329827155,53360,4.280060038909417,6.4174599871908855,164,0,0,0,,notepad-plus-plus_v8.5.6_npp.8.5.6.Installer.exe
2879229,7.980024236785749,33275,4.373533382455509,6.410429855952268,110,0,0,0,,7z24.09-zstd-arm64.exe
282975480,7.997025528587375,3240570,4.659874749359543,6.748278735648908,237,1,1,0,,PowerToys_v0.87.1_PowerToysUserSetup-0.87.1-arm64.exe
25777,5.330494193122139,293,,,,,,0,,portableapps_com_e688e829_.exe
25761,5.32561129586666,293,,,,,,0,,portableapps_com_f89b363e_.exe
4327544,7.978322445224092,50561,4.280055294906062,6.4174599871908855,164,0,0,0,,notepad-plus-plus_v8.5.4_npp.8.5.4.Installer.arm64.exe
4448528,7.97930849353294,51539,4.280054125272721,6.4174599871908855,164,0,0,0,,notepad-plus-plus_v8.5.3_npp.8.5.3.Installer.exe
6646576,7.989294684199547,78149,4.279704649852514,6.4378696011937135,162,0,0,0,,notepad-plus-plus_v8.8_npp.8.8.Installer.exe
4453472,7.9792182780038665,51309,4.280055294906062,6.4174599871908855,164,0,0,0,,notepad-plus-plus_v8.5.4_npp.8.5.4.Installer.exe
15528616,7.977720452679336,189387,3.6072164413011434,6.712594833813409,146,1,0,0,,audacity-win-3.7.3-32bit.exe
257679360,7.998927321711015,2996800,4.657203515899872,6.748278735648908,237,1,1,0,,PowerToys_v0.85.0_PowerToysUserSetup-0.85.0-x64.exe
6325496,7.9883658210177,73836,4.279730395410678,6.4378696011937135,162,0,0,0,,notepad-plus-plus_v8.7.6_npp.8.7.6.Installer.arm64.exe
4470392,7.9793710534625415,52170,4.28005725211499,6.4174599871908855,164,0,0,0,,notepad-plus-plus_v8.5.2_npp.8.5.2.Installer.exe
678824,7.919017885421965,7799,4.632801582719959,7.8762855010283355,171,0,0,0,,downloads_sourceforge_net_5a9a3f14_jPortableBrowserSwitch_1.0_English.paf.exe
1589510,7.99617273831884,18704,3.899129249936485,6.591966668904185,77,0,0,0,,7z2301-x64.exe
400964920,7.996893386969658,4587243,4.658376722652978,6.748278735648908,237,1,1,0,,PowerToys_v0.91.0_PowerToysSetup-0.91.0-arm64.exe
4508288,7.979815844896169,52295,4.279719279169099,6.4378696011937135,162,0,0,0,,notepad-plus-plus_v8.6.7_npp.8.6.7.Installer.arm64.exe
6473496,7.988830273288147,75733,4.279704649852514,6.4378696011937135,162,0,0,0,,notepad-plus-plus_v8.8_npp.8.8.Installer.arm64.exe
4310120,7.977996515020989,50095,4.28005725211499,6.4174599871908855,164,0,0,0,,notepad-plus-plus_v8.5.2_npp.8.5.2.Installer.arm64.exe
4491072,7.979587502920497,52233,4.279717407423071,6.4378696011937135,162,0,0,0,,notepad-plus-plus_v8.6.5_npp.8.6.5.Installer.arm64.exe
6309832,7.988298687327001,74138,4.2797046854309135,6.4378696011937135,162,0,0,0,,notepad-plus-plus_v8.7_npp.8.7.Installer.arm64.exe
6542376,7.988958742370629,76307,4.2797303582396236,6.4378696011937135,162,0,0,0,,notepad-plus-plus_v8.7.9_npp.8.7.9.Installer.exe
10541,5.211256050507654,207,,,,,,1,keylogger,271fe3620b0257e7bf549f2fa55158650570a9f2444eb90ca7a6e1b5dd33c24c.html
8572922,7.990378469779758,99216,5.2868275014217465,7.069049056265,142,0,0,1,keylogger,09669bbbfb0d5da0452ecd2df816ec6aaf6f8ca82659fcd87865c26fa0015874.exe
552819,7.999196542566411,6562,,,,,,1,keylogger,97675879147c218f8fa07cf6df34d9c308f058a511e3197280b8787f38c45073.arj
572581,7.995284733016652,6918,3.661157566313943,7.999429753998814,6,1,0,1,keylogger,e9d3a58d421ecd9c8c57f7220c4ee420e52bf449194d35b367aa45c863bd0f66.exe
131040,6.320521658366148,931,1.3871072595636278,7.488711873934909,10,0,0,1,keylogger,70a89ced9ff1499fbe7b689c4fd7f9c5aad3a8cbf0d7404b9af96ce648997d97 (1).exe
147456,6.1225797620339115,1069,6.2175885332710745,6.437126800225513,0,0,0,1,keylogger,922b2a0fe4bdae36601636a033c1861fd49a3e9c62b264b51b726051d147f10b (1).exe
96786,6.086535047044749,1060,4.974881706223262,6.614628423142995,171,1,1,1,keylogger,55d094ee73b709fcc7bc26991581db5d535a96eeb601f53d39f10144cb51a128.exe
222720,6.930879286189167,1184,5.039900107120309,7.613278785819153,104,1,0,1,keylogger,6b0936605c05ecd3e9658d3acfb9195893924778f3a41b2f74187de30a9af352 (1).exe
4104021,4.764883613132838,225,3.668898218024975,4.7821270012330155,7,0,0,1,keylogger,cc82575926b314176e0b3ef9926d7a332f1c4de6adac1d9d26677206f457557d (1).exe
25088,5.257352826318036,308,4.764951220077679,5.338229945102344,0,0,0,1,keylogger,c05bde8b2d62b3eada3bec74f5471d683f1b6c01191dc397974dff8a978ed4d2 (1).exe
2852008,7.999934388282316,33890,,,,,,1,keylogger,2bd70e44e12dd35dd329a3f9b944533335cb40fc9573cf49271fdefd9e9152e4.zip
72192,5.65659436624594,911,3.447027984657478,5.673053688879668,1,0,0,1,keylogger,6b5d2ed235ccf7757a7144116baf1376abfd13b7fa5d87d130db3af889c72a51 (1).exe
94208,6.106425106130295,985,4.355611905985217,6.561287622687101,0,0,0,1,keylogger,cba941ba74a419c6eafb75097afdd61f0ce666731fb93c40657452cbdeafe044.exe
1572864,4.991152637162104,6870,,,,,,1,keylogger,f0c0c45087d04e89a5c6d449a4e7335fe8a17a73032706c6e993832f5297c8c6 (1).img
10543,5.211940244378759,207,,,,,,1,keylogger,337750d2ece41487c0384d3ec95c1d124f79d1ee26241391ebc15f3289867fbe (1).html
42496,6.7872491748422865,383,5.8376581918412995,6.7020042794976415,1,0,0,1,keylogger,1d86c71e31f0690c2821365103529e10b9368bc63273eefd3869e3550d0a4570.exe
350208,5.89557634760755,1012,3.8759982929435073,5.997143336406076,1,0,0,1,keylogger,a2bf7e2d657258fc5a6a6b5b7f8994a7abf59260e83e0e4be4127531fbbf959c (1).exe
1572864,4.991152637162104,6870,,,,,,1,keylogger,f0c0c45087d04e89a5c6d449a4e7335fe8a17a73032706c6e993832f5297c8c6.img
71680,1.249017487721311,119,,,,,,1,keylogger,b106f5b826b7d98a5b24487bc596827451b91fbb874d8feda6cfe7adda4331ac.img
3181728,7.886008375838517,35223,,,,,,1,keylogger,2bd70e44e12dd35dd329a3f9b944533335cb40fc9573cf49271fdefd9e9152e4.apk
131040,6.320521658366148,931,1.3871072595636278,7.488711873934909,10,0,0,1,keylogger,70a89ced9ff1499fbe7b689c4fd7f9c5aad3a8cbf0d7404b9af96ce648997d97.exe
154745,7.594964825391637,2290,2.0957344426396474,4.289347889783415,3,0,0,1,keylogger,3749a8b0d8d636d871c0fe6712d3e1d01a57e3076a6d41afe3d64b7b2420982a.exe
36864,5.595037639272562,614,3.1817770966577323,5.72936550643841,1,0,0,1,keylogger,ddfc9420dd7d61ff16c24433bb7bc678301f8fae7842fd1298e3851fd04a912e.exe
3181728,7.886008375838517,35223,,,,,,1,keylogger,2bd70e44e12dd35dd329a3f9b944533335cb40fc9573cf49271fdefd9e9152e4 (1).apk
72192,5.65659436624594,911,3.447027984657478,5.673053688879668,1,0,0,1,keylogger,6b5d2ed235ccf7757a7144116baf1376abfd13b7fa5d87d130db3af889c72a51.exe
71680,1.249017487721311,119,,,,,,1,keylogger,b106f5b826b7d98a5b24487bc596827451b91fbb874d8feda6cfe7adda4331ac (1).img
94208,6.106425106130295,985,4.355611905985217,6.561287622687101,0,0,0,1,keylogger,cba941ba74a419c6eafb75097afdd61f0ce666731fb93c40657452cbdeafe044 (1).exe
143360,2.695929114732894,285,5.434069590619835,6.118126549145523,0,0,0,1,keylogger,2e6a439fc0a63ae1ac5a42ef25884c1568bec9ed856249ca7d387a8a4d281eb8.exe
98816,6.630047949269617,1154,6.14135520685406,6.675307287244987,0,0,0,1,keylogger,abd0ad67b1f1332a44c6254324844dceaf3c35396509149fecc4084c58ac3fa0 (1).exe
572581,7.995278764058982,6918,3.6611571361063775,7.999428463376116,6,1,0,1,keylogger,4ec1a6802b035f8ea1685fd57cf98a6571c968a8c36244cd775a92a72a83610b (1).exe
147456,6.1225797620339115,1069,6.2175885332710745,6.437126800225513,0,0,0,1,keylogger,922b2a0fe4bdae36601636a033c1861fd49a3e9c62b264b51b726051d147f10b.exe
168960,7.756322329947397,2043,6.618289058002529,7.994206867678481,70,1,0,1,keylogger,82917c3abd975b7d4e57529fcd5f5e1b45c74b779fd43b7186f38442c808f652.exe
572581,7.995284733016652,6918,3.661157566313943,7.999429753998814,6,1,0,1,keylogger,e9d3a58d421ecd9c8c57f7220c4ee420e52bf449194d35b367aa45c863bd0f66 (1).exe
222720,6.930879286189167,1184,5.039900107120309,7.613278785819153,104,1,0,1,keylogger,6b0936605c05ecd3e9658d3acfb9195893924778f3a41b2f74187de30a9af352.exe
8572922,7.990378469779758,99216,5.2868275014217465,7.069049056265,142,0,0,1,keylogger,09669bbbfb0d5da0452ecd2df816ec6aaf6f8ca82659fcd87865c26fa0015874 (1).exe
572581,7.995278764058982,6918,3.6611571361063775,7.999428463376116,6,1,0,1,keylogger,4ec1a6802b035f8ea1685fd57cf98a6571c968a8c36244cd775a92a72a83610b.exe
42496,6.7872491748422865,383,5.8376581918412995,6.7020042794976415,1,0,0,1,keylogger,1d86c71e31f0690c2821365103529e10b9368bc63273eefd3869e3550d0a4570 (1).exe
70144,6.811233164031625,486,6.622740385986803,7.451491305831453,12,0,0,1,keylogger,20ecce16b3264aeae6c1a48a6055717b7a9e6451b464db14aa741b96dddc4628 (1).exe
25088,5.257352826318036,308,4.764951220077679,5.338229945102344,0,0,0,1,keylogger,c05bde8b2d62b3eada3bec74f5471d683f1b6c01191dc397974dff8a978ed4d2.exe
98816,6.630047949269617,1154,6.14135520685406,6.675307287244987,0,0,0,1,keylogger,abd0ad67b1f1332a44c6254324844dceaf3c35396509149fecc4084c58ac3fa0.exe
10541,5.211256050507654,207,,,,,,1,keylogger,271fe3620b0257e7bf549f2fa55158650570a9f2444eb90ca7a6e1b5dd33c24c (1).html
36864,5.595037639272562,614,3.1817770966577323,5.72936550643841,1,0,0,1,keylogger,ddfc9420dd7d61ff16c24433bb7bc678301f8fae7842fd1298e3851fd04a912e (1).exe
143360,2.695929114732894,285,5.434069590619835,6.118126549145523,0,0,0,1,keylogger,2e6a439fc0a63ae1ac5a42ef25884c1568bec9ed856249ca7d387a8a4d281eb8 (1).exe
350208,5.89557634760755,1012,3.8759982929435073,5.997143336406076,1,0,0,1,keylogger,a2bf7e2d657258fc5a6a6b5b7f8994a7abf59260e83e0e4be4127531fbbf959c.exe
154745,7.594964825391637,2290,2.0957344426396474,4.289347889783415,3,0,0,1,keylogger,3749a8b0d8d636d871c0fe6712d3e1d01a57e3076a6d41afe3d64b7b2420982a (1).exe
168960,7.756322329947397,2043,6.618289058002529,7.994206867678481,70,1,0,1,keylogger,82917c3abd975b7d4e57529fcd5f5e1b45c74b779fd43b7186f38442c808f652 (1).exe
139264,6.194807144389659,1020,5.204979982661535,6.573533447789482,0,0,0,1,keylogger,32b80f6156dd91f43a991449dc53349f6517a4e776d5d5dd498d787c8b834ac8.exe
10543,5.211940244378759,207,,,,,,1,keylogger,337750d2ece41487c0384d3ec95c1d124f79d1ee26241391ebc15f3289867fbe.html
70144,6.811233164031625,486,6.622740385986803,7.451491305831453,12,0,0,1,keylogger,20ecce16b3264aeae6c1a48a6055717b7a9e6451b464db14aa741b96dddc4628.exe
96786,6.086535047044749,1060,4.974881706223262,6.614628423142995,171,1,1,1,keylogger,55d094ee73b709fcc7bc26991581db5d535a96eeb601f53d39f10144cb51a128 (1).exe
552819,7.999196542566411,6562,,,,,,1,keylogger,97675879147c218f8fa07cf6df34d9c308f058a511e3197280b8787f38c45073 (1).arj
4104021,4.764883613132838,225,3.668898218024975,4.7821270012330155,7,0,0,1,keylogger,cc82575926b314176e0b3ef9926d7a332f1c4de6adac1d9d26677206f457557d.exe
557056,6.502838055379559,6662,4.68895878424597,6.4070286517312685,126,0,0,1,trojan,131da83b521f610819141d5c740313ce46578374abb22ef504a7593955a65f07 (1).exe
178688,6.874199207771073,756,5.1470578119592005,6.723095375726838,70,1,0,1,trojan,ac2309dcfaaf6e95c5de49910db3c8fdc44ce36948ad5fa61320cab0315b0b5b (1).exe
0,0.0,0,,,,,,1,trojan,f97aa48c18e0221b588c17c6a8a03674739d492a894381f045aba1a70d1be537 (1).exe
765952,7.679056935044681,7513,4.238500970004018,7.687690861908604,1,0,0,1,trojan,156ffbc1adf860198501bf76e6428debdfa847e13e73796ee9bad6e982bf94d4.exe
265216,6.537108865575573,1566,5.171424597965716,6.567898812459496,99,0,0,1,trojan,2907480701d5cd8b3f1577165d59c6321dd172ad6e18e96ecc7b95c67e4e450d.dll
0,0.0,0,,,,,,1,trojan,c0de9777e20295b2bd83ebfbcb301de221b30ce723e0bae4c3cc013a232e5cc7 (1).zip
315904,6.278192647792516,3929,4.647980986012718,6.395178573898882,103,0,0,1,trojan,1abd799ba4bfee25737243568ae048c0b50f1892b41d7e0f7b3c3af8410babde.exe
81408,5.696612353294403,1183,2.669378836042176,5.768738439603992,1,0,0,1,trojan,089b1081440a30970c863894845ae91e0dcbd8d91d73ac98c731ff3f1606caf6.dll
749056,7.779894589586236,7693,4.021434701325767,7.786624468651143,1,0,0,1,trojan,a0f63bbedc34b836ef3e4f2bae53abda8ac334c5541a6d12f5659c2b131db6a7.exe
81408,5.696612353294403,1183,2.669378836042176,5.768738439603992,1,0,0,1,trojan,089b1081440a30970c863894845ae91e0dcbd8d91d73ac98c731ff3f1606caf6 (2).dll
3825664,7.749549648414473,41599,4.024312457978566,7.751079691256457,1,0,0,1,trojan,fc49e4d3e74736a7e65b6c5807297c14abd6f7e764d1b7739d5e09e26b214fa7.exe
557056,6.502838055379559,6662,4.68895878424597,6.4070286517312685,126,0,0,1,trojan,131da83b521f610819141d5c740313ce46578374abb22ef504a7593955a65f07 (2).exe
765952,7.679056935044681,7513,4.238500970004018,7.687690861908604,1,0,0,1,trojan,156ffbc1adf860198501bf76e6428debdfa847e13e73796ee9bad6e982bf94d4 (1).exe
315904,6.278192647792516,3929,4.647980986012718,6.395178573898882,103,0,0,1,trojan,1abd799ba4bfee25737243568ae048c0b50f1892b41d7e0f7b3c3af8410babde (1).exe
81408,5.696612353294403,1183,2.669378836042176,5.768738439603992,1,0,0,1,trojan,089b1081440a30970c863894845ae91e0dcbd8d91d73ac98c731ff3f1606caf6 (1).dll
17736192,7.997370078632189,248474,4.308224752163996,7.997389758410717,20,0,0,1,trojan,0849b85e16da3b4fc89ec373fd9f42dc6cfa61f5592792bf48991f1e8d544d3a (1).exe
11631616,7.998675709458248,163156,4.222242601122393,7.998682103897979,20,0,0,1,trojan,0bc5d04c3309f23a877f88efba059f0b45265d2a6bc595d9b0a024918cbabe12.exe
161792,6.213884898734245,2514,,,,,,1,trojan,c2c2a00fc99ab70fbfc6a4580c57940b4fa4a462e0c22eb8c577995253a1a836 (1).doc
132373,7.015681908252098,996,,,,,,1,trojan,59cb2552a34b231acb92fcee121b13d662ca7f0049a70aae86fe312270f548e5 (2).xls
11631616,7.998675709458248,163156,4.222242601122393,7.998682103897979,20,0,0,1,trojan,0bc5d04c3309f23a877f88efba059f0b45265d2a6bc595d9b0a024918cbabe12 (1).exe
17736192,7.997370078632189,248474,4.308224752163996,7.997389758410717,20,0,0,1,trojan,0849b85e16da3b4fc89ec373fd9f42dc6cfa61f5592792bf48991f1e8d544d3a.exe
178688,6.874199207771073,756,5.1470578119592005,6.723095375726838,70,1,0,1,trojan,ac2309dcfaaf6e95c5de49910db3c8fdc44ce36948ad5fa61320cab0315b0b5b.exe
738304,7.718555050138403,7613,4.250664828568332,7.727277070910027,1,0,0,1,trojan,b7ca5eee2c0af78525e33094a2c1d38f639824b8f051a50216dc47417f426bba.exe
1248768,6.834731262888731,8545,5.3495757315006705,7.049154821021525,518,1,0,1,trojan,43c30e6def71159a2ef59f3c58d048cce6ba3f9c4c58e879aa2f2606318b95b1.exe
11631616,7.998675709458248,163156,4.222242601122393,7.998682103897979,20,0,0,1,trojan,0bc5d04c3309f23a877f88efba059f0b45265d2a6bc595d9b0a024918cbabe12 (2).exe
265216,6.537108865575573,1566,5.171424597965716,6.567898812459496,99,0,0,1,trojan,2907480701d5cd8b3f1577165d59c6321dd172ad6e18e96ecc7b95c67e4e450d (1).dll
1248768,6.834731262888731,8545,5.3495757315006705,7.049154821021525,518,1,0,1,trojan,43c30e6def71159a2ef59f3c58d048cce6ba3f9c4c58e879aa2f2606318b95b1 (1).exe
0,0.0,0,,,,,,1,trojan,f8faa603f3c32992ce83dfc31ae4341d3b0501124eabceb21bbeffd8b852cfee (1).exe
0,0.0,0,,,,,,1,trojan,dc29c088109f47fe4f81dacec15cc9f6eb415006da5ba569c6fec3da4d57098b (1).rar
315904,6.278192647792516,3929,4.647980986012718,6.395178573898882,103,0,0,1,trojan,1abd799ba4bfee25737243568ae048c0b50f1892b41d7e0f7b3c3af8410babde (2).exe
23716624,7.938003466597191,291199,5.288754523075936,7.989755983574142,102,0,0,1,trojan,f97aa48c18e0221b588c17c6a8a03674739d492a894381f045aba1a70d1be537.exe
161792,6.213884898734245,2514,,,,,,1,trojan,c2c2a00fc99ab70fbfc6a4580c57940b4fa4a462e0c22eb8c577995253a1a836.doc
557056,6.502838055379559,6662,4.68895878424597,6.4070286517312685,126,0,0,1,trojan,131da83b521f610819141d5c740313ce46578374abb22ef504a7593955a65f07.exe
132373,7.015681908252098,996,,,,,,1,trojan,59cb2552a34b231acb92fcee121b13d662ca7f0049a70aae86fe312270f548e5 (1).xls
1248768,6.834731262888731,8545,5.3495757315006705,7.049154821021525,518,1,0,1,trojan,43c30e6def71159a2ef59f3c58d048cce6ba3f9c4c58e879aa2f2606318b95b1 (2).exe
738304,7.718555050138403,7613,4.250664828568332,7.727277070910027,1,0,0,1,trojan,b7ca5eee2c0af78525e33094a2c1d38f639824b8f051a50216dc47417f426bba (1).exe
961536,7.5342163735380385,9328,4.983520646894194,7.538502492562261,1,0,0,1,trojan,f8faa603f3c32992ce83dfc31ae4341d3b0501124eabceb21bbeffd8b852cfee.exe
13114505,7.992766918777615,154095,4.402727497544636,6.476903620398017,144,0,0,1,trojan,4b2746ae0a820d910e70981544513c0333e53b710122c50ae3b287e904bad532 (2).exe
132373,7.015681908252098,996,,,,,,1,trojan,59cb2552a34b231acb92fcee121b13d662ca7f0049a70aae86fe312270f548e5.xls
13114505,7.992766918777615,154095,4.402727497544636,6.476903620398017,144,0,0,1,trojan,4b2746ae0a820d910e70981544513c0333e53b710122c50ae3b287e904bad532.exe
13114505,7.992766918777615,154095,4.402727497544636,6.476903620398017,144,0,0,1,trojan,4b2746ae0a820d910e70981544513c0333e53b710122c50ae3b287e904bad532 (1).exe
362360,7.808942792721087,4222,6.400456702207412,7.998265660034974,165,1,1,1,ransomware,4c9a0ece13359d9bd8afe0c62331c07c0dee952f8926aaf0f57e1defc3717c2b (1).dll
5267459,3.960182038382658,23616,1.2467897085230448,3.9711109183664774,13,0,0,1,ransomware,84855a4c23222f861135a3b0be879a573cb91ec7827a7fa6d119f38c43b3730b (1).dll
355840,6.028874749091436,3937,5.032390497336212,6.315075578626948,221,1,0,1,ransomware,47abbb7ad1ca5dea21674694dbe2dd59ebd4be8ce2fc15554c68574614f3d136.exe
399360,7.678630793238872,4543,5.22474355799376,7.762488666147487,61,0,0,1,ransomware,4c0153b979e65346c1d6f863086082ec5ef103cbf6b0f5e8652d61da678a8ca5 (1).exe
3723264,5.259422351251248,21466,5.228031107244051,6.1344811887775705,91,0,0,1,ransomware,51d3aa054c3c98e25e973f16a75b267b1b4823cb5edd9ba0fedd85f12a44567c.exe
5267459,2.6683885199664408,14524,0.9877105175795602,2.6752266823990536,13,0,0,1,ransomware,89f0d1195df4ff42f0d0ff7726474b2ad6a135cbc78f255ff89b19903459bc67 (1).dll
1303552,7.937431848377964,14027,4.8597662080909805,7.950741895731337,2,0,0,1,ransomware,ac931f9419235283f509bbed222918c34b72cfd8f29c83af5ad35d249f42c41c (1).exe
5267459,6.3973428538368005,43527,1.7354195353249957,6.41426005237623,13,0,0,1,ransomware,7f45d112de4bb9aec75ce9e2f22997d10d383fc82c357d1c1f97ea5a10132663.dll
260608,7.015322969967673,1995,5.316255881757483,7.20511956283574,247,0,0,1,ransomware,b5ef16922e2c76b09edd71471dd837e89811c5e658406a8495c1364d0d9dc690.exe
355840,6.028874749091436,3937,5.032390497336212,6.315075578626948,221,1,0,1,ransomware,47abbb7ad1ca5dea21674694dbe2dd59ebd4be8ce2fc15554c68574614f3d136 (1).exe
264704,5.0051775283694475,853,2.8783334522264714,5.014806494002752,1,0,0,1,ransomware,36ae29df569363f2ab310bbfab894f449c530f8b1f0320f42714cb26cd744750.exe
484864,6.877575402441029,5945,5.6421942656815816,7.4287307838234105,84,1,0,1,ransomware,e079fa28ea51fa98644164caf585ae3231d25372fccca1245902fb57488d4660 (1).exe
5267459,2.4405660616262628,13016,0.9419943074075405,2.446645631538956,13,0,0,1,ransomware,1fc5e4c8809b39d79324848bceac749000ea572d050c81275ae3053a83ba7d12 (1).dll
261632,7.109060104848643,2396,5.335437044395027,7.333620657355203,247,0,0,1,ransomware,a1f30cabf6d8e2d2796eb166d49bcf86a3dd18fb92da8b861adf9247373cf70b.exe
5267459,2.4405660616262628,13016,0.9419943074075405,2.446645631538956,13,0,0,1,ransomware,1fc5e4c8809b39d79324848bceac749000ea572d050c81275ae3053a83ba7d12.dll
73728,5.200598058048728,589,3.788614224928099,6.402096807883625,22,0,0,1,ransomware,124e57afaa34fee7a6405531b05ceb4466e94f9e1858db976188a36de58156b3.dll
46080,4.294650550293503,349,3.0908549220819097,5.2702064945682086,1,0,0,1,ransomware,5e41340a94b66980044e5e08646bf159d225051b213234936178a2a3f722f446 (1).exe
260608,7.015322969967673,1995,5.316255881757483,7.20511956283574,247,0,0,1,ransomware,b5ef16922e2c76b09edd71471dd837e89811c5e658406a8495c1364d0d9dc690 (1).exe
1307648,7.988760805416853,15229,4.032811622757946,7.990219742015928,1,0,0,1,ransomware,d551a474ecf0b7d1ba6dda319e3b77fdecf39489eaf14b7d8837002f2d31387b.exe
5267459,6.106029924189513,38960,1.6770602798507235,6.12246377500487,13,0,0,1,ransomware,5d7fa45d2fcb10893ee5bdbfc4b16bdeeffd34aa5791331332a8bbb1015cb63b.dll
806912,6.768612417290591,5527,5.776096782449056,6.891496089534267,292,1,1,1,ransomware,4c1dc737915d76b7ce579abddaba74ead6fdb5b519a1ea45308b8c49b950655c (1).exe
484864,6.877697887753368,5945,5.653108401038972,7.428658286664569,84,1,0,1,ransomware,c0d0665bc0fc83c9204e30057d7c626e80f3ebe1e0554f17930274aa11996ef1.exe
2281472,7.890916048900541,25160,5.925704364341381,7.964406082063037,91,0,0,1,ransomware,e06afc45a77a51ff9c8ab94fcd5a4777af1cc374e2d9f73b91a1780bfa42e3fe.exe
484864,6.877697887753368,5945,5.653108401038972,7.428658286664569,84,1,0,1,ransomware,c0d0665bc0fc83c9204e30057d7c626e80f3ebe1e0554f17930274aa11996ef1 (1).exe
5267459,6.412674154769448,43705,1.7384892274340664,6.429608512921586,13,0,0,1,ransomware,62e9391e7aada2e5c0ee36f418c78da93bafc6db05fc05ca8a7dce824ced2e62.dll
5267459,2.6683885199664408,14524,0.9877105175795602,2.6752266823990536,13,0,0,1,ransomware,89f0d1195df4ff42f0d0ff7726474b2ad6a135cbc78f255ff89b19903459bc67.dll
1303552,7.937431848377964,14027,4.8597662080909805,7.950741895731337,2,0,0,1,ransomware,ac931f9419235283f509bbed222918c34b72cfd8f29c83af5ad35d249f42c41c.exe
5267459,4.322609980325374,26281,1.3195874071617164,4.334611130309835,13,0,0,1,ransomware,85a6bca0ebd3e1c99d8fd6669a6db6ddd8463b7c7edaa87702ca2a425fc5cce5.dll
5267459,2.794461463359933,22257,1.013011301225395,2.8017306006282277,13,0,0,1,ransomware,1589160661b4ca1f6c9177214bd282fd724efadefe940730efa2a6dde9e0a00e.dll
140315,5.309140398736557,3056,3.045348440749047,6.0559373514985815,51,0,0,1,ransomware,2a2a4e8ac8a25f27a49b5f25d4af953050474f468d32540f1e2a0f7e81f67556.exe
353280,6.689246489523955,4867,5.78021408845233,6.658026103019575,89,0,0,1,ransomware,b1ab81351ec03c050a9424eaac1d1996308a440db04fd95ec5cada60aa524f1a.exe
591397,7.064261999286873,6294,4.863178943014562,6.498084884023025,152,0,0,1,ransomware,d93f73c6469bd56ad4d1b9d07e4d5b271beb0c012d17c5576b18ebc35588e9ab (1).exe
3723264,5.259422351251248,21466,5.228031107244051,6.1344811887775705,91,0,0,1,ransomware,51d3aa054c3c98e25e973f16a75b267b1b4823cb5edd9ba0fedd85f12a44567c (1).exe
3723264,7.589104377957929,38787,5.843587684525936,7.635935817976981,91,0,0,1,ransomware,3bbe95a65e0ef8862e242d522d85050e25d0897cfe0a19f0739f5499b17eb55b.exe
806912,6.768612417290591,5527,5.776096782449056,6.891496089534267,292,1,1,1,ransomware,4c1dc737915d76b7ce579abddaba74ead6fdb5b519a1ea45308b8c49b950655c.exe
5267459,2.794461463359933,22257,1.013011301225395,2.8017306006282277,13,0,0,1,ransomware,1589160661b4ca1f6c9177214bd282fd724efadefe940730efa2a6dde9e0a00e (1).dll
1307648,7.988760805416853,15229,4.032811622757946,7.990219742015928,1,0,0,1,ransomware,d551a474ecf0b7d1ba6dda319e3b77fdecf39489eaf14b7d8837002f2d31387b (1).exe
484864,6.877575402441029,5945,5.6421942656815816,7.4287307838234105,84,1,0,1,ransomware,e079fa28ea51fa98644164caf585ae3231d25372fccca1245902fb57488d4660.exe
5267459,3.960182038382658,23616,1.2467897085230448,3.9711109183664774,13,0,0,1,ransomware,84855a4c23222f861135a3b0be879a573cb91ec7827a7fa6d119f38c43b3730b.dll
260608,7.115429997206396,2396,5.341956100661376,7.333620657355203,247,0,0,1,ransomware,389a7d395492c2da6f8abf5a8a7c49c3482f7844f77fe681808c71e961bcae97.exe
261632,7.109060104848643,2396,5.335437044395027,7.333620657355203,247,0,0,1,ransomware,a1f30cabf6d8e2d2796eb166d49bcf86a3dd18fb92da8b861adf9247373cf70b (1).exe
140315,5.309140398736557,3056,3.045348440749047,6.0559373514985815,51,0,0,1,ransomware,2a2a4e8ac8a25f27a49b5f25d4af953050474f468d32540f1e2a0f7e81f67556 (1).exe
353280,6.689246489523955,4867,5.78021408845233,6.658026103019575,89,0,0,1,ransomware,b1ab81351ec03c050a9424eaac1d1996308a440db04fd95ec5cada60aa524f1a (1).exe
362360,7.808942792721087,4222,6.400456702207412,7.998265660034974,165,1,1,1,ransomware,4c9a0ece13359d9bd8afe0c62331c07c0dee952f8926aaf0f57e1defc3717c2b.dll
3723264,7.589104377957929,38787,5.843587684525936,7.635935817976981,91,0,0,1,ransomware,3bbe95a65e0ef8862e242d522d85050e25d0897cfe0a19f0739f5499b17eb55b (1).exe
591397,7.064261999286873,6294,4.863178943014562,6.498084884023025,152,0,0,1,ransomware,d93f73c6469bd56ad4d1b9d07e4d5b271beb0c012d17c5576b18ebc35588e9ab.exe
260608,7.115429997206396,2396,5.341956100661376,7.333620657355203,247,0,0,1,ransomware,389a7d395492c2da6f8abf5a8a7c49c3482f7844f77fe681808c71e961bcae97 (1).exe
73728,5.200598058048728,589,3.788614224928099,6.402096807883625,22,0,0,1,ransomware,124e57afaa34fee7a6405531b05ceb4466e94f9e1858db976188a36de58156b3 (1).dll
399360,7.678630793238872,4543,5.22474355799376,7.762488666147487,61,0,0,1,ransomware,4c0153b979e65346c1d6f863086082ec5ef103cbf6b0f5e8652d61da678a8ca5.exe
5267459,4.589104819256542,28148,1.3729413151337837,4.601868951420172,13,0,0,1,ransomware,962caf150b14b5804de96484e8b911f93fcb26ab11f7e713d3f0c02a211c2577.dll
5267459,4.322609980325374,26281,1.3195874071617164,4.334611130309835,13,0,0,1,ransomware,85a6bca0ebd3e1c99d8fd6669a6db6ddd8463b7c7edaa87702ca2a425fc5cce5 (1).dll
5267459,6.106029924189513,38960,1.6770602798507235,6.12246377500487,13,0,0,1,ransomware,5d7fa45d2fcb10893ee5bdbfc4b16bdeeffd34aa5791331332a8bbb1015cb63b (1).dll
264704,5.0051775283694475,853,2.8783334522264714,5.014806494002752,1,0,0,1,ransomware,36ae29df569363f2ab310bbfab894f449c530f8b1f0320f42714cb26cd744750 (1).exe
2281472,7.890916048900541,25160,5.925704364341381,7.964406082063037,91,0,0,1,ransomware,e06afc45a77a51ff9c8ab94fcd5a4777af1cc374e2d9f73b91a1780bfa42e3fe (1).exe
46080,4.294650550293503,349,3.0908549220819097,5.2702064945682086,1,0,0,1,ransomware,5e41340a94b66980044e5e08646bf159d225051b213234936178a2a3f722f446.exe
5267459,4.589104819256542,28148,1.3729413151337837,4.601868951420172,13,0,0,1,ransomware,962caf150b14b5804de96484e8b911f93fcb26ab11f7e713d3f0c02a211c2577 (1).dll
306688,6.588427924628398,1936,4.946325899597695,7.6596326096815,98,1,0,1,dropper,ac2cc11ee2957c90a9eaef38a7199e4b60f523127821da822504e72ccbfc2335.exe
410767,7.0828693768157125,3413,5.549278218152204,7.189601996788255,95,1,0,1,dropper,046ea30e67d2a06b83db596a087b9e62bd23de95e76aefb6deb3c9348c546c48 (1).dll
352864,6.5908943306491,2012,4.037825666968911,6.883557262816699,99,0,0,1,dropper,6a684f04b6dc6ed0ca2bc55dec214e78c664aa18ee412fd290e6d543866115a9.exe
91422,7.985078720778733,999,,,,,,1,dropper,f59ed31f271d90f65b0ef6c34aaedec49993551818f7566968a944dafb7d36b4 (1).doc
405504,7.281835731900297,3802,5.591969734347594,7.7677282656783015,261,1,0,1,dropper,1e0215f67fb7b02bc44f33bf6a5b884c3061cbeb38e0150b559635458951fa53.exe
255488,6.135745234052701,1495,3.924162592951133,7.485858552706824,110,1,0,1,dropper,e5abb3371787fbc9567867a1304cc18624134417480ee5d8d1e4f1d4368cb114.exe
1194031,6.595487364988987,1083,3.363530505862176,5.467697843646899,81,1,0,1,dropper,81c734c21b5e15837d01c9766094bc4ffce0e3dc6b04c15e0bc1286d61897dc7.exe
4008384,7.908095202439953,41551,1.3594912762984417,7.945693548690263,12,0,0,1,dropper,fcc22a367ed0a8d8de94f5159ab12c32606f97326b832eb47327b7707ba457a6.exe
7924224,6.228064116497994,93371,4.142071632955424,6.183202189040089,46,1,0,1,dropper,818a48e399389a23fc73994dc4331314374a7097fe831b4ee617b9315487d804 (1).exe
303616,7.363381165163605,2873,4.491338981717536,7.810651248182404,98,1,0,1,dropper,9f356871e7ba9c38abab14c34dc6b8648df04877937fb0c1952cd3e44156b3e5 (1).exe
4008384,7.908095202439953,41551,1.3594912762984417,7.945693548690263,12,0,0,1,dropper,fcc22a367ed0a8d8de94f5159ab12c32606f97326b832eb47327b7707ba457a6 (1).exe
3456512,6.68727402203817,19968,,,,,,1,dropper,c58751df2384d3667a1176c893888b976c2e2f97f3e702ecb322dbc31461aaa4 (1).msi
1158779,7.067956326259268,4645,,,,,,1,dropper,90bc8a0bbefdcd114c58962e344314dcb07f897b652afc67874fb4feb7d46650.exe
105631,6.087154108315394,321,,,,,,1,dropper,b7bfd0ecc11d4b3aa7b6130b46bcb7b72cba8917e17c5bbd57cb15ad668c7b38 (1).vbs
224763,5.3949239509459925,1931,,,,,,1,dropper,16328212055d6aa79c45b6624607f74b732b159db4c6cdf7d8e6835ebdc6e392.vbs
352864,6.5908943306491,2012,4.037825666968911,6.883557262816699,99,0,0,1,dropper,6a684f04b6dc6ed0ca2bc55dec214e78c664aa18ee412fd290e6d543866115a9 (1).exe
473224,5.523917237923906,128,4.771758098573308,6.080351087232368,2,0,0,1,dropper,a1dd74d7301bf8d504449071142c81113bcd4d0c88fee46e7bacf550495a72bc (1).dll
9004164,7.950330165370794,101611,4.120898548491414,7.785600461805952,454,1,0,1,dropper,d2582eb0e62eb74cd2e9a4b0658d54a3b71c08e3f844b47e53ad1912623f4eb4.exe
24200,5.532794728128697,357,3.8289800734301758,5.918319351188145,58,0,0,1,dropper,0df586aa0334dcbe047d24ce859d00e537fdb5e0ca41886dab27479b6fc61ba6 (1).exe
416256,6.773373710669683,3265,4.340768069390223,7.770531473318523,98,1,0,1,dropper,e3c501042fb287379213303700b26df24a3c53af91c9c08387ddfeacd296f062 (1).exe
375808,6.534879741207827,2842,4.229847030662893,7.0016268486533635,108,1,0,1,dropper,44b1d6e0cc054e581350739403e2c9b99e5758bd3da8b10cd087626272d71e91.exe
144158,2.463796855809767,34,,,,,,1,dropper,d28437f0d1be864079538b0e4dd2e2f56efd86ec1b863a178861e696b186eba8 (1).hta
144158,2.463796855809767,34,,,,,,1,dropper,d28437f0d1be864079538b0e4dd2e2f56efd86ec1b863a178861e696b186eba8.hta
689152,7.815233389975137,8708,4.032392106223635,7.823349554769057,1,0,0,1,dropper,01ec7b1066df7c55e262dc375bff5fd13a1fc9706c3db4b3522ac8b9d2453b52.exe
224763,5.3949239509459925,1931,,,,,,1,dropper,16328212055d6aa79c45b6624607f74b732b159db4c6cdf7d8e6835ebdc6e392 (1).vbs
3456512,6.68727402203817,19968,,,,,,1,dropper,c58751df2384d3667a1176c893888b976c2e2f97f3e702ecb322dbc31461aaa4.msi
24200,5.532794728128697,357,3.8289800734301758,5.918319351188145,58,0,0,1,dropper,0df586aa0334dcbe047d24ce859d00e537fdb5e0ca41886dab27479b6fc61ba6.exe
396288,7.640880445990648,10144,6.409494595890363,7.813923857717711,68,0,0,1,dropper,068af8016c36fce5cf1e1a4722c1dc0d6e02cb6ed58b61c2ba99a54d294cc274.exe
295438,7.36828882417292,2756,4.240105421670432,7.7876604645270575,98,1,0,1,dropper,023e94b66bf51c029f05aef8918245176a5e574c3ef82b4b908f917bfcf7674c.exe
416256,6.773373710669683,3265,4.340768069390223,7.770531473318523,98,1,0,1,dropper,e3c501042fb287379213303700b26df24a3c53af91c9c08387ddfeacd296f062.exe
1158779,7.067956326259268,4645,,,,,,1,dropper,90bc8a0bbefdcd114c58962e344314dcb07f897b652afc67874fb4feb7d46650 (1).exe
405504,7.281835731900297,3802,5.591969734347594,7.7677282656783015,261,1,0,1,dropper,1e0215f67fb7b02bc44f33bf6a5b884c3061cbeb38e0150b559635458951fa53 (1).exe
396288,7.640880445990648,10144,6.409494595890363,7.813923857717711,68,0,0,1,dropper,068af8016c36fce5cf1e1a4722c1dc0d6e02cb6ed58b61c2ba99a54d294cc274 (1).exe
283648,5.553422733396399,1559,4.5782976067186265,6.595538869045304,97,1,0,1,dropper,35bf9dfd223e02da2ee3d57ec493156787a3c2cecb8b655a583985a2f14cc6e3.exe
7924224,6.228064116497994,93371,4.142071632955424,6.183202189040089,46,1,0,1,dropper,818a48e399389a23fc73994dc4331314374a7097fe831b4ee617b9315487d804.exe
306688,6.588427924628398,1936,4.946325899597695,7.6596326096815,98,1,0,1,dropper,ac2cc11ee2957c90a9eaef38a7199e4b60f523127821da822504e72ccbfc2335 (1).exe
105631,6.087154108315394,321,,,,,,1,dropper,b7bfd0ecc11d4b3aa7b6130b46bcb7b72cba8917e17c5bbd57cb15ad668c7b38.vbs
91422,7.985078720778733,999,,,,,,1,dropper,f59ed31f271d90f65b0ef6c34aaedec49993551818f7566968a944dafb7d36b4.doc
4334016,7.888890832141232,45046,1.337770005342504,7.957245381660648,12,0,0,1,dropper,fcd465bfb29ad1ee9c3344c27035fe6721f7c634ae714db808454b2d14e6ecd3 (1).exe
6006784,7.959081493597241,58638,4.4966360551820355,7.988213753771486,1,0,0,1,dropper,fe18dba2d72ccf4a907d07674b18d1bc23e3ea10f66cbf2a79e73000df43b358.exe
1194031,6.595487364988987,1083,3.363530505862176,5.467697843646899,81,1,0,1,dropper,81c734c21b5e15837d01c9766094bc4ffce0e3dc6b04c15e0bc1286d61897dc7 (1).exe
4334016,7.888890832141232,45046,1.337770005342504,7.957245381660648,12,0,0,1,dropper,fcd465bfb29ad1ee9c3344c27035fe6721f7c634ae714db808454b2d14e6ecd3.exe
6006784,7.959081493597241,58638,4.4966360551820355,7.988213753771486,1,0,0,1,dropper,fe18dba2d72ccf4a907d07674b18d1bc23e3ea10f66cbf2a79e73000df43b358 (1).exe
9004164,7.950330165370794,101611,4.120898548491414,7.785600461805952,454,1,0,1,dropper,d2582eb0e62eb74cd2e9a4b0658d54a3b71c08e3f844b47e53ad1912623f4eb4 (1).exe
410767,7.0828693768157125,3413,5.549278218152204,7.189601996788255,95,1,0,1,dropper,046ea30e67d2a06b83db596a087b9e62bd23de95e76aefb6deb3c9348c546c48.dll
375808,6.534879741207827,2842,4.229847030662893,7.0016268486533635,108,1,0,1,dropper,44b1d6e0cc054e581350739403e2c9b99e5758bd3da8b10cd087626272d71e91 (1).exe
303616,7.363381165163605,2873,4.491338981717536,7.810651248182404,98,1,0,1,dropper,9f356871e7ba9c38abab14c34dc6b8648df04877937fb0c1952cd3e44156b3e5.exe
255488,6.135745234052701,1495,3.924162592951133,7.485858552706824,110,1,0,1,dropper,e5abb3371787fbc9567867a1304cc18624134417480ee5d8d1e4f1d4368cb114 (1).exe
473224,5.523917237923906,128,4.771758098573308,6.080351087232368,2,0,0,1,dropper,a1dd74d7301bf8d504449071142c81113bcd4d0c88fee46e7bacf550495a72bc.dll
1081344,7.318771926965074,9073,6.177852789867222,7.989429634188951,73,1,0,1,worm,6a4ac7106f86dfc1195a2da7701764fa26a8b55ab1d4de3edbd78efca2dc5b2d.dll
164980,7.920056787997222,1864,6.102331583973408,7.975121775071757,57,1,0,1,worm,1192482f9f8f87a01977b4dd3e185d4b60319175b789b3e7a60ad6554c120a0d.dll
22020,7.518531573581443,364,3.515823932149029,7.897902341253568,7,0,0,1,worm,d73da273f2c4a04eba2cd9307abf778bba01b66398f1588404530635928f6f01.exe
167636,7.918799145243519,1842,5.979558723772788,7.979586400326778,63,1,0,1,worm,6aac27448e10b45cdbea6b043c5899f4bb0c7e740fd68cfe7a8dc1d51e3d5f94 (1).dll
160078,7.920835654995288,1760,3.8203129747299545,7.791042702421037,10,1,0,1,worm,0a847e9fae14a0b8d1c738ee0e0ff05a16780f761787560aacb7d42363f9b40e.dll
35868,7.712585502632341,520,3.557941381812972,7.839006563351187,7,0,0,1,worm,40d86a2823c058ce71763be61f4cf3b3abb9205cf8443803fbd47195ec5b0bd4.exe
162060,7.9168755451667225,2016,3.804807107255186,7.7933458062903345,10,1,0,1,worm,8403b30af66671e82cd9f0647a06db2503c3eb732c86f0be8c9200df3c02f19a.dll
164529,7.929787809202311,1662,6.085133886755697,7.9702239040159695,63,1,0,1,worm,c111825cd9ce4d7bc82d64eda636d54653d243ec392dc37cee312791e9013d89 (1).dll
1081344,7.318771926965074,9073,6.177852789867222,7.989429634188951,73,1,0,1,worm,6a4ac7106f86dfc1195a2da7701764fa26a8b55ab1d4de3edbd78efca2dc5b2d (1).dll
35868,7.712585502632341,520,3.557941381812972,7.839006563351187,7,0,0,1,worm,40d86a2823c058ce71763be61f4cf3b3abb9205cf8443803fbd47195ec5b0bd4 (1).exe
22020,7.516533229522099,364,3.515823932149029,7.897902341253568,7,0,0,1,worm,0bc4f00a0df5a6efd1a768e22284ef93448c55f09f7ea54d75865e307419f52f.exe
22020,7.516597624096318,364,3.515823932149029,7.897902341253568,7,0,0,1,worm,5ea3c9390d6042c66a2b71e8484abdb319622874b341def83067725e741d597a.exe
519680,6.476789427836477,6734,5.133807092330923,6.558125209395519,172,0,0,1,worm,e17ec173f231d4744237619275d844c4b7f571f45316d2791b726fdf7459917f.exe
168096,7.910641265534828,1827,3.8629155701695352,7.786025714136873,10,1,0,1,worm,9d651f48c785ac86de3e76d059385eaf9ecdb347da37f80e41d126219ce4af24.dll
106496,2.028679344725379,339,2.1580658594787185,4.804412590021033,15,0,0,1,worm,b2fa6edaa5ffc51d12150424355a0c86ac9f46d7ec772d35ab8d9f4fe7996d91.exe
1881600,6.760770862727347,13462,,,,,,1,worm,05b04d8736ad20decc27472224b3348736e5a704e4016ef4dbf33e4f06d013ab.msi
8240082,6.591983220331153,42226,5.366566116451151,6.5707642836361435,202,1,0,1,worm,d3b0746f4054ae89b1df5ee2ccdddf311d08814bde9cc5ca5d7de9279f95148f.exe
164980,7.920056787997222,1864,6.102331583973408,7.975121775071757,57,1,0,1,worm,1192482f9f8f87a01977b4dd3e185d4b60319175b789b3e7a60ad6554c120a0d (1).dll
28864,7.565923535050568,548,3.5044429585076453,7.859086691322967,7,0,0,1,worm,f550d2b4df891bcb98cd6ca6e78cf4ccd32e4389802fb71e43b2cf797efd6111.exe
91481,6.022632523699652,411,4.4234630045353605,6.1317947315028505,105,1,0,1,worm,e68ebecd17bb8e91079bd4fe9bd24059a2bc007b4baac477127eda7c5d5c6706.exe
51572,7.644332458115516,502,3.515823932149029,7.897902341253568,7,0,0,1,worm,0e307a4ddd5835d1afd3f28f59d8ed582cbf6f36da4638fdda3ff0cc551e0042.exe
22020,7.517084826964936,364,3.515823932149029,7.897902341253568,7,0,0,1,worm,7fa702fb9a15c58a70af8add749e058abc9e43ec5ffb551fe3464fbdf2c7a061.exe
167636,7.918799145243519,1842,5.979558723772788,7.979586400326778,63,1,0,1,worm,6aac27448e10b45cdbea6b043c5899f4bb0c7e740fd68cfe7a8dc1d51e3d5f94.dll
661380,7.975432335177956,8725,6.28947375258344,7.978669512112691,66,1,0,1,worm,3a4fc5e3a3a36a32b9885af4fed1220956f1f00b6182a68729e47f6760496eb0.dll
159794,7.920743834390472,1813,3.721364557879731,7.803056943913013,9,1,0,1,worm,5ad3a6f576cd99a855999050bf4600f6715b4a860ac1b54720105e288b17d770.dll
162060,7.9168755451667225,2016,3.804807107255186,7.7933458062903345,10,1,0,1,worm,8403b30af66671e82cd9f0647a06db2503c3eb732c86f0be8c9200df3c02f19a (1).dll
159794,7.920743834390472,1813,3.721364557879731,7.803056943913013,9,1,0,1,worm,5ad3a6f576cd99a855999050bf4600f6715b4a860ac1b54720105e288b17d770 (1).dll
160078,7.920835654995288,1760,3.8203129747299545,7.791042702421037,10,1,0,1,worm,0a847e9fae14a0b8d1c738ee0e0ff05a16780f761787560aacb7d42363f9b40e (1).dll
22528,7.633169346053654,362,3.5686850949586084,7.87472577087863,7,0,0,1,worm,fff0ccf5feaf5d46b295f770ad398b6d572909b00e2b8bcd1b1c286c70cd9151.exe
661380,7.975432335177956,8725,6.28947375258344,7.978669512112691,66,1,0,1,worm,3a4fc5e3a3a36a32b9885af4fed1220956f1f00b6182a68729e47f6760496eb0 (1).dll
8216018,6.590041037366507,43131,5.366949706739139,6.5707642836361435,202,1,0,1,worm,b76fddc1b37846725baa9f9b15286c46a7b364e4b94738a578a8b32a4dd5fa67.exe
22020,7.521743499715965,365,3.515823932149029,7.897902341253568,7,0,0,1,worm,6d7b896ce389f5cb0c385bfdfd033fb9a8af53de02bb18cc75c80370a6085148.exe
168096,7.910641265534828,1827,3.8629155701695352,7.786025714136873,10,1,0,1,worm,9d651f48c785ac86de3e76d059385eaf9ecdb347da37f80e41d126219ce4af24 (1).dll
164529,7.929787809202311,1662,6.085133886755697,7.9702239040159695,63,1,0,1,worm,c111825cd9ce4d7bc82d64eda636d54653d243ec392dc37cee312791e9013d89.dll
101376,5.71041704175437,574,2.8343717877414885,5.649987526076151,1,0,0,1,rat,11760c0c47222614dbd80f76495bfd86f65dbdb7276ad3741cc3f77dbd73e6b7 (1).exe
15976616,7.7511488890087605,157967,6.331784890324075,7.998531162767147,509,0,0,1,rat,4e3cdeba19e5749aa88329bc3ac67acd777ea7925ba0825a421cada083706a4e.exe
38400,5.5317141037702315,495,3.5305124545687807,5.561602851940763,1,0,0,1,rat,a6a9aac8006970c8f1edc7ad272fc663c6df60dfbd707670739fd62d05791e2c.exe
487480,3.430570521841745,0,,,,,,1,rat,67f341aff60e485c42579247b359147cef8b5ffbd1d15159a41d0c8d8be863d5 (1).vbe
356352,6.4283046795242385,2894,3.5943173645902218,6.445076278321219,1,0,0,1,rat,903a7559e0e725f87a202e37fe6906fb260f6423a9687c36eb2c846f5b8af4d0.exe
281863,6.074213472520518,261,,,,,,1,rat,027ff65365c4f69731be566e541127a63d993d26f68738a462ec63b667226990 (1).vbs
376898,5.660627376807751,19,,,,,,1,rat,24fc3c7f746c3a037df97368a44462353b48160e58bb5e2c238280bbd2c9468f (1).ps1
3360053,7.907817963601618,30175,3.146278810678246,6.482216817915366,135,1,0,1,rat,f9fc23fe47d3c918c7bc24cbe14e56d9b0024e31660f2a280f3991291b3e5882.exe
281863,6.074213472520518,261,,,,,,1,rat,027ff65365c4f69731be566e541127a63d993d26f68738a462ec63b667226990.vbs
279205,6.081438567530606,326,,,,,,1,rat,b6a92aac9266f84cded9a49758a8f40221c9d6f424dd6408c83e7d44d548f4ae.vbs
281543,6.073954948329977,261,,,,,,1,rat,0dcdaedf2f76dbc431635dbc53c893692cb644f5dbdfde46bc942b9806b8f0d7.vbs
376898,5.660627376807751,19,,,,,,1,rat,24fc3c7f746c3a037df97368a44462353b48160e58bb5e2c238280bbd2c9468f.ps1
2265387,6.078080009583978,20101,3.2622670827819866,6.273492227218326,114,1,0,1,rat,9673b6446b1a2e30ada75ef67a2172dbcf6f215b4b4750084db5ceca1b5d6aa2.exe
32768,5.672397694956513,490,3.7864914988266665,5.685274776834032,1,0,0,1,rat,dc5884382adce5cdceed6ffe5cfc52b3b2c54299299ba7c013ce14f132a68ec8.exe
38400,5.5317141037702315,495,3.5305124545687807,5.561602851940763,1,0,0,1,rat,a6a9aac8006970c8f1edc7ad272fc663c6df60dfbd707670739fd62d05791e2c (1).exe
130696,3.9614967199186495,23,,,,,,1,rat,76ef8b26d3d23171a948c6230329b7caa1a8f423e71dcc98e7b89f1b509118e8.js
130726,3.961400333807311,23,,,,,,1,rat,214a537505c035047de77a0d9324d8b7bb28cce8ddc14c8eda4dd9d59173fb4a (1).js
416256,5.990937913642949,4727,3.355600263965997,6.003302301842128,1,0,0,1,rat,e72b5521b5e66dde10a7241109d8a9340b89a3ddad317aabe32cadad09326e50.exe
487480,3.430570521841745,0,,,,,,1,rat,67f341aff60e485c42579247b359147cef8b5ffbd1d15159a41d0c8d8be863d5.vbe
15976616,7.7511488890087605,157967,6.331784890324075,7.998531162767147,509,0,0,1,rat,4e3cdeba19e5749aa88329bc3ac67acd777ea7925ba0825a421cada083706a4e (1).exe
1125888,7.017317516753554,8824,3.4162586371646957,7.029421075449797,1,0,0,1,rat,f537e359f3d19f0f120304027212e4660404d2c2111a7d576f4d466775f2bc98.exe
281543,6.073954948329977,261,,,,,,1,rat,0dcdaedf2f76dbc431635dbc53c893692cb644f5dbdfde46bc942b9806b8f0d7 (1).vbs
497706,7.356574662899241,4899,5.354750538327585,6.708075396341128,150,0,0,1,rat,27796be9f32192fe3eed107617472cbb7c148a38385d8cc18f4d195ee21e4647 (1).exe
497706,7.356574662899241,4899,5.354750538327585,6.708075396341128,150,0,0,1,rat,27796be9f32192fe3eed107617472cbb7c148a38385d8cc18f4d195ee21e4647.exe
5150,7.94514796772072,59,,,,,,1,rat,76ef8b26d3d23171a948c6230329b7caa1a8f423e71dcc98e7b89f1b509118e8.zip
1657917,6.027403847976106,326,,,,,,1,rat,a63181dff0f68b98712247f51c8a6e7761f8a84261928c297b12f438272c1492.vbs
130484,3.9637778253061127,23,,,,,,1,rat,6c4289fd06fafc0a4ec36ce9ee5ba34861c5dea0587985ea591aef3bbfa5339b.js
130726,3.961400333807311,23,,,,,,1,rat,214a537505c035047de77a0d9324d8b7bb28cce8ddc14c8eda4dd9d59173fb4a.js
4633064,4.39348317032242,538,,,,,,1,rat,539ca6028b42b57f9043e65b9e4bcb23bbd535ecca53b037933ecc5a0198ea47.bat
2265387,6.078080009583978,20101,3.2622670827819866,6.273492227218326,114,1,0,1,rat,9673b6446b1a2e30ada75ef67a2172dbcf6f215b4b4750084db5ceca1b5d6aa2 (1).exe
4633064,4.39348317032242,538,,,,,,1,rat,539ca6028b42b57f9043e65b9e4bcb23bbd535ecca53b037933ecc5a0198ea47 (1).bat
4166144,7.992896033224115,49816,3.840924116597334,7.996308572925938,1,0,0,1,rat,49db258ee593c0dac778e494e4e9936959bf69375bc3fa0d733664ce4200b6c8 (1).exe
37888,5.577902880073768,495,3.55332363688761,5.609659838795165,1,0,0,1,rat,bfe09fcccf2ed848529cbc5675e0ce5df3365e6e04291ef664324ca93b560ff0.exe
130696,3.9614967199186495,23,,,,,,1,rat,76ef8b26d3d23171a948c6230329b7caa1a8f423e71dcc98e7b89f1b509118e8 (1).js
3333632,6.065114770683131,20300,3.132407572828305,6.082629002135393,1,0,0,1,rat,4bd736e9b854135e6c3f7f26d8666f7c227dfa111848ecf7ff769373cddeefd2 (1).exe
37888,5.581335185974942,496,3.5545088198296124,5.613215387621173,1,0,0,1,rat,f8156ed1279e27c233dd153dacfc4fc6748a9ee5c86e481be9eb8b2ea56b2c42.exe
101376,5.71041704175437,574,2.8343717877414885,5.649987526076151,1,0,0,1,rat,11760c0c47222614dbd80f76495bfd86f65dbdb7276ad3741cc3f77dbd73e6b7.exe
37888,5.57956076148886,496,3.5539555554390367,5.611555594449444,1,0,0,1,rat,efbf95eabba28e2a3201a4f52180d1e043c588d2cdd262210fad2dd46c68acb5.exe
356352,6.4283046795242385,2894,3.5943173645902218,6.445076278321219,1,0,0,1,rat,903a7559e0e725f87a202e37fe6906fb260f6423a9687c36eb2c846f5b8af4d0 (1).exe
1131520,7.673632781593391,13670,4.121652283715547,7.680424168566877,1,0,0,1,rat,35cad4ea0ccbc07de133969e571050d60727835f65bab3a67c68f66a0095a7a5 (1).exe
130484,3.9637778253061127,23,,,,,,1,rat,6c4289fd06fafc0a4ec36ce9ee5ba34861c5dea0587985ea591aef3bbfa5339b (1).js
3333632,6.065114770683131,20300,3.132407572828305,6.082629002135393,1,0,0,1,rat,4bd736e9b854135e6c3f7f26d8666f7c227dfa111848ecf7ff769373cddeefd2.exe
5948417,7.9876644122694325,65021,4.492114224282143,7.998961324137814,11,0,0,1,rat,e1261d9ea16bc05e79fe427881ebfb5db739c572d6d76228cbf79bcaf1f6e00c.exe
4166144,7.992896033224115,49816,3.840924116597334,7.996308572925938,1,0,0,1,rat,49db258ee593c0dac778e494e4e9936959bf69375bc3fa0d733664ce4200b6c8.exe
1131520,7.673632781593391,13670,4.121652283715547,7.680424168566877,1,0,0,1,rat,35cad4ea0ccbc07de133969e571050d60727835f65bab3a67c68f66a0095a7a5.exe
3266048,6.075046028341148,20436,3.610706887700969,6.076238131594882,1,0,0,1,rat,f6408f2aba1a49dbd77fb7c44fbf73f3dfc31b3d01dae867d061fa1cf43623f0.exe
279569,6.081739101591197,326,,,,,,1,rat,ec46d289d2a013fffc92559385cb6e168f18aa85acff11d80e8eb2c96cf343f4.vbs
