entropy,family,file_path,file_size,filename,has_pe_header,label,md5_hash,null_byte_ratio,processed_at,sha256_hash
7.978996714655326,,data/benign/notepad-plus-plus_v8.5.7_npp.8.5.7.Installer.arm64.exe,4405080,notepad-plus-plus_v8.5.7_npp.8.5.7.Installer.arm64.exe,True,0,557ea6a6ae3093a2fec67090a65a556c,0.018253470992581292,2025-06-15T10:53:25.560986,4a6cc4ca49769c8818fd3774f0a15602408929f5d08718128d32be345e78b204
7.935294267466841,,data/benign/downloads_sourceforge_net_a9156caf_SMPlayer_Portable_MPlayer_Codec_Addon_2007-10-07_online.paf.exe,913664,downloads_sourceforge_net_a9156caf_SMPlayer_Portable_MPlayer_Codec_Addon_2007-10-07_online.paf.exe,True,0,b64984b6ade73b0ed2c9893376628fee,0.03235653369291118,2025-06-15T10:53:25.586393,b6e52e76400b8cbbf194da54b86358afe1241c1b4abc92b71888d3de159b88e0
5.320018297131352,,data/benign/portableapps_com_6aa38705_.exe,25446,portableapps_com_6aa38705_.exe,False,0,4d5a383cd0a9a91eaf78288d21d97a80,0.0,2025-06-15T10:53:25.587991,c93cab49e024b953bfcfc41e00d617ebff63b6fccbd4c79d6fbfb53332fe1e0c
7.988483014140287,,data/benign/notepad-plus-plus_v8.7.8_npp.8.7.8.Installer.arm64.exe,6359232,notepad-plus-plus_v8.7.8_npp.8.7.8.Installer.arm64.exe,True,0,3e7507b8294ca2eb5724003e88d559c9,0.013854817688676871,2025-06-15T10:53:25.739192,1b2dba9aa92930a73a7e2b98a2657b64c225e4b31189a95057b4af14a36b03f6
7.961614793707099,,data/benign/Greenshot_for_PortableApps_1.2.10.6-RELEASE.paf.exe,1392480,Greenshot_for_PortableApps_1.2.10.6-RELEASE.paf.exe,True,0,23f1f494e98ef282b715bd63106e4e81,0.02436587958175342,2025-06-15T10:53:25.776077,c3b46d76367b2e378166a826f15efa3fdf4b14236c6ec93ff330a08e5b04a2b0
7.996196706760066,,data/benign/PowerToys_v0.84.1_PowerToysSetup-0.84.1-arm64.exe,208494592,PowerToys_v0.84.1_PowerToysSetup-0.84.1-arm64.exe,True,0,236545dbec36f31de9526d1a6fe5c59f,0.003539578618902499,2025-06-15T10:53:30.946212,53ec583229a17b0677af46eb65cd048e33c8d77fcad911eab46bc8ac11041127
5.322126179648343,,data/benign/portableapps_com_79821873_.exe,25594,portableapps_com_79821873_.exe,False,0,4859bfdfda0b1bd440149e2db497daa9,0.0,2025-06-15T10:53:30.948844,e64212798297a3f4235c9e8dd0af834ae7bc10b267f24c6455a85bb648dc4731
4.930053207532836,,data/benign/Xye_Portable_Complete_Puzzle_Pack_2017-06-11.paf.exe,122672,Xye_Portable_Complete_Puzzle_Pack_2017-06-11.paf.exe,False,0,6ea26bd816725d1a903eba0b43b1ef71,0.0,2025-06-15T10:53:30.953501,2a3fe503418a7ac76b76d9cc9a80f132233af449f4d31237444139fa8e1569cd
7.998912111381073,,data/benign/PowerToys_v0.86.0_PowerToysUserSetup-0.86.0-x64.exe,284275840,PowerToys_v0.86.0_PowerToysUserSetup-0.86.0-x64.exe,True,0,34d7e43e07b93e0a2f1d2df3308d0561,0.003778871957602869,2025-06-15T10:53:38.489200,cfb9608b28b8ff12c9a7c9814a6ef981636eb5ab261dc278c28ec93fd959cce2
7.989391992750201,,data/benign/notepad-plus-plus_npp.8.8.1.Installer.exe,6661840,notepad-plus-plus_npp.8.8.1.Installer.exe,True,0,d2645c93e86c924ce295ef6c89d94897,0.013392245986093933,2025-06-15T10:53:38.659599,dd08c28a036547339ab60ee26325b44a1e162d9ff8129474ec8fc2744332d5f4
7.988915809108579,,data/benign/notepad-plus-plus_v8.6.9_npp.8.6.9.Installer.x64.exe,6541144,notepad-plus-plus_v8.6.9_npp.8.6.9.Installer.x64.exe,True,0,594119e87364a0668899bbfc0df56b87,0.013628502904079165,2025-06-15T10:53:38.831651,3fd473e00fa464f18af2dd930cf5bdba0709fdd841631598acccdb04c32a5cd2
5.320458035312936,,data/benign/portableapps_com_6041f101_.exe,25451,portableapps_com_6041f101_.exe,False,0,909615499cdaeddc58719b6aef581efd,0.0,2025-06-15T10:53:38.833744,531fd6c84b4be3c75bfcf1322c0ee76f5670edad323a6a92717d3b455d537020
5.32958794439256,,data/benign/portableapps_com_b66c58c7_.exe,25581,portableapps_com_b66c58c7_.exe,False,0,68a87027b9b60c903a6e5bcdf85eae91,0.0,2025-06-15T10:53:38.834994,824750321b3bf9c3ac1ed6faa6e20e29264e93e9236e88baf19038882c17b677
7.998913581181361,,data/benign/PowerToys_v0.87.0_PowerToysUserSetup-0.87.0-x64.exe,287421056,PowerToys_v0.87.0_PowerToysUserSetup-0.87.0-x64.exe,True,0,7d7fc275682db418abb0bb8bebcfadfb,0.0037767448742516622,2025-06-15T10:53:52.462008,a6549b8d78985cc995f091624d1a2b70907cac8954334c1caf61d26ebcf8a449
7.981430083800897,,data/benign/notepad-plus-plus_v8.5.1_npp.8.5.1.Installer.x64.exe,4766752,notepad-plus-plus_v8.5.1_npp.8.5.1.Installer.x64.exe,True,0,cfe2387019f5b782ec50da652c334c5b,0.017202279455696457,2025-06-15T10:53:52.588092,89e09019b606f98a12c5bc8e8e75730044fe6d69619dea1dceb474da98fb7c0a
7.9808950039863085,,data/benign/notepad-plus-plus_v8.6.1_npp.8.6.1.Installer.exe,4691480,notepad-plus-plus_v8.6.1_npp.8.6.1.Installer.exe,True,0,f37167e7f50a82fd84a901c111e7103f,0.017440125504105314,2025-06-15T10:53:52.710510,3a7b79ebb56eb3d5f94a2ce17df927e82f64c03ee60e583b7f45b2cc720ffdca
7.998838606225225,,data/benign/PowerToys_v0.91.1_PowerToysSetup-0.91.1-x64.exe,405948616,PowerToys_v0.91.1_PowerToysSetup-0.91.1-x64.exe,True,0,02397e33948bfa0591744a86b99e4984,0.0037443802986139507,2025-06-15T10:54:07.500693,ec4bc3a8625775866b0ed4577ccf83e6ec7b1a0ad267379ddbaf4fe49c7b5bdd
7.999929988566955,,data/benign/gimp-2.10.36-setup.exe,320646304,gimp-2.10.36-setup.exe,True,0,46352c928c474c8f1a528d4de514dc21,0.004494307222702308,2025-06-15T10:54:16.285722,947efa2397f7a17b8e4f4c9689e4ab67f00ca220ac1aa0ae0c1e179ccfc4fc10
7.980756087008148,,data/benign/notepad-plus-plus_v8.5.4_npp.8.5.4.Installer.x64.exe,4662072,notepad-plus-plus_v8.5.4_npp.8.5.4.Installer.x64.exe,True,0,d6df6587949da62e209e88286cd5ab4f,0.017504448665743473,2025-06-15T10:54:16.423466,1df56772594a5ec2f550c7727a4879142736106da68b5d185c4391e08b48ec5e
7.988240063670888,,data/benign/notepad-plus-plus_v8.7.1_npp.8.7.1.Installer.arm64.exe,6283792,notepad-plus-plus_v8.7.1_npp.8.7.1.Installer.arm64.exe,True,0,0a35313936e87ca8d427ce078b36ba1a,0.013994416110526892,2025-06-15T10:54:16.621286,6ba9b88ade18a9b6a40cb984b783acbccd864a3290c68d1c8fe6bac918a3bdf2
7.988541394884162,,data/benign/notepad-plus-plus_v8.7.9_npp.8.7.9.Installer.arm64.exe,6371448,notepad-plus-plus_v8.7.9_npp.8.7.9.Installer.arm64.exe,True,0,7d7cf655412a2e8e4267bbd2847ccb2c,0.013824173092207612,2025-06-15T10:54:16.815817,ad6455fd60341f2670b8830c2264afe134c33a5cba0557f71586365824746d25
7.997055270375451,,data/benign/PowerToys_v0.88.0_PowerToysUserSetup-0.88.0-arm64.exe,284098168,PowerToys_v0.88.0_PowerToysUserSetup-0.88.0-arm64.exe,True,0,6c75cf9743b0b6cc11ad56bf8dcee9db,0.0035518743647794306,2025-06-15T10:54:26.111428,e79723f9f94068c699e01334c8cc0c85f37818eb4664fc772d2b545a1c37c3fa
7.981066903363459,,data/benign/notepad-plus-plus_v8.6.2_npp.8.6.2.Installer.exe,4691928,notepad-plus-plus_v8.6.2_npp.8.6.2.Installer.exe,True,0,c8cb32063d37894be9ad45bdf57eed0f,0.01736258527411333,2025-06-15T10:54:26.245047,9126e76c155f2535afbffd10fb2a9109a65c789540c434e03cf3a9c1e7df4833
7.981888616850153,,data/benign/notepad-plus-plus_v8.6.8_npp.8.6.8.Installer.exe,4832328,notepad-plus-plus_v8.6.8_npp.8.6.8.Installer.exe,True,0,fc8508503759cd82273844b051da4649,0.017008365326194746,2025-06-15T10:54:26.377201,1058c41934f2f8059525392eec35da3abf5f515df3dc00484e286040f09e43af
7.955817712928208,,data/benign/Greenshot-INSTALLER-1.2.10.6-RELEASE.exe,1783200,Greenshot-INSTALLER-1.2.10.6-RELEASE.exe,True,0,c16f86882d5a102ed7a0fbbc0874d102,0.02580921938088829,2025-06-15T10:54:26.424825,1687311b4e7a3720be20490e8ed6cc772a32336a7bed8896e475b8ec616c6b81
7.997003629959677,,data/benign/PowerToys_v0.87.0_PowerToysSetup-0.87.0-arm64.exe,282922568,PowerToys_v0.87.0_PowerToysSetup-0.87.0-arm64.exe,True,0,70096dc3dd94dd034d7d9d9a7f5519e5,0.003544312520166295,2025-06-15T10:54:34.454784,387b5bf1bd923bda215d7df1d82a197ae12cd91a71a73267768e26757f7a5fe6
7.980979172263412,,data/benign/notepad-plus-plus_v8.5.6_npp.8.5.6.Installer.x64.exe,4704376,notepad-plus-plus_v8.5.6_npp.8.5.6.Installer.x64.exe,True,0,1cb664e8ff8169d043ec47d3a3b37382,0.017397631481837338,2025-06-15T10:54:34.585831,9e70f821b23c997211e083a0965cf0c3ea627866685e02e7c124b803801c0478
7.988921756528484,,data/benign/notepad-plus-plus_v8.7.2_npp.8.7.2.Installer.exe,6493888,notepad-plus-plus_v8.7.2_npp.8.7.2.Installer.exe,True,0,2c9ba0c457a6215b5e8eb02f66b0a734,0.013626197433648379,2025-06-15T10:54:34.780609,de67b86b5bbb975737888e5c3fdb6307ae2efc29b51a9b2ac01ebf6f38cb2947
7.9981254513617195,,data/benign/WinMerge-2.16.48.2-Setup.exe,10705448,WinMerge-2.16.48.2-Setup.exe,True,0,2bbaa8832ae7a56b3ca538b5424d05e6,0.007299460984724787,2025-06-15T10:54:35.088875,887038b3bee2a0aa1f0e93b4d0b4b8f065fb07d7ba06ff0dcb837d13c1a3a1e0
7.9989143283366975,,data/benign/PowerToys_v0.85.1_PowerToysSetup-0.85.1-x64.exe,275096392,PowerToys_v0.85.1_PowerToysSetup-0.85.1-x64.exe,True,0,7b5882dc299fe657bbf6ba6aba908bfc,0.0038013003093112178,2025-06-15T10:54:42.749190,1cdd3c9602f6e5ddc19c66a4fdfe4231389c08e6a037dd22c0a6471f10c7be02
5.3284052965981035,,data/benign/portableapps_com_3b6e7e17_.exe,25585,portableapps_com_3b6e7e17_.exe,False,0,b05eb98c52a17c790d734b71f4ca6849,0.0,2025-06-15T10:54:42.751177,581f2f85b4741883243fa1dc9392326578b19f57f52d5640e2269750c4dba1a0
7.981945337277551,,data/benign/notepad-plus-plus_v8.6.2_npp.8.6.2.Installer.x64.exe,4840120,notepad-plus-plus_v8.6.2_npp.8.6.2.Installer.x64.exe,True,0,027915384e3cc7b04d9e636171aa3e15,0.016968587555680436,2025-06-15T10:54:42.885535,724c134f991443085bfdd1bff6595d5eb85bc67770bbecaed43c4505e01724ef
7.99885693524928,,data/benign/PowerToys_v0.90.0_PowerToysUserSetup-0.90.0-x64.exe,401598880,PowerToys_v0.90.0_PowerToysUserSetup-0.90.0-x64.exe,True,0,9e62ddf5247a29ff9a6fb9bf48474586,0.0037484043780201775,2025-06-15T10:54:55.151074,2a6036f5b2d454084e55816c306e1e57ef1d14c916691cbda42b469797605ce0
7.981889589353984,,data/benign/notepad-plus-plus_v8.6.4_npp.8.6.4.Installer.x64.exe,4844824,notepad-plus-plus_v8.6.4_npp.8.6.4.Installer.x64.exe,True,0,8579772fb82da720a56be23a2db0387a,0.01700742895923567,2025-06-15T10:54:55.291850,32dabd4169f6413b09cd2a643251b31c85b7948bd1c99c4b6d1f55f52163599f
5.327635969481516,,data/benign/portableapps_com_c6d67311_.exe,25534,portableapps_com_c6d67311_.exe,False,0,0ce2cfaf10e672b6f0cedd8f7418611b,0.0,2025-06-15T10:54:55.293949,812387e767cefb7b27cdebdab5c0ed7c8a7e2ab3c81d11ea68dc591b75b75201
7.989251643735904,,data/benign/notepad-plus-plus_v8.7.2_npp.8.7.2.Installer.x64.exe,6651952,notepad-plus-plus_v8.7.2_npp.8.7.2.Installer.x64.exe,True,0,ebef2ba4fff8923358158b95594270ea,0.013452291898678763,2025-06-15T10:54:55.481072,108301b6aadd5a85c49e998516e63541df50e742e476d08e5c10b21b549e65d8
7.988732157002396,,data/benign/notepad-plus-plus_v8.7.1_npp.8.7.1.Installer.exe,6459184,notepad-plus-plus_v8.7.1_npp.8.7.1.Installer.exe,True,0,29175513577f86d5cbd2a12729cb40dd,0.013733623318363435,2025-06-15T10:54:55.675726,17964529838f304d71015d133e47531f3cf1ec5171d7222023e190c7025c1553
7.996875880456645,,data/benign/PowerToys_v0.90.0_PowerToysUserSetup-0.90.0-arm64.exe,397573624,PowerToys_v0.90.0_PowerToysUserSetup-0.90.0-arm64.exe,True,0,af038a842b65fd58f1eba318c6588dd1,0.0034902919012555016,2025-06-15T10:55:08.524678,ab2e4dc87a9d764be897c5170e2890e174c89ca912a1916fa3ae1e427536ea4a
7.979683536825979,,data/benign/notepad-plus-plus_v8.6.2_npp.8.6.2.Installer.arm64.exe,4522448,notepad-plus-plus_v8.6.2_npp.8.6.2.Installer.arm64.exe,True,0,d18e49b1d2060567d7cbc7e5c6e9b80a,0.017956867607985764,2025-06-15T10:55:08.651403,dabd69598cd04fda5796f8fa00b9706360a7f4f36b1265c14157359fc25605d0
7.989711533359942,,data/benign/notepad-plus-plus_v8.8.1_npp.8.8.1.Installer.x64.exe,6824080,notepad-plus-plus_v8.8.1_npp.8.8.1.Installer.x64.exe,True,0,9e0364b57fd31a98cc39aafe0b9a1f38,0.013209106575538388,2025-06-15T10:55:08.839389,605c68624939ba55ac9bbba4ea3b7b3a602a91d8103862d232a14adc0176efca
7.988904570401265,,data/benign/notepad-plus-plus_v8.7.3_npp.8.7.3.Installer.exe,6494160,notepad-plus-plus_v8.7.3_npp.8.7.3.Installer.exe,True,0,c48a6da8adff0d1429e2f65c0a46421f,0.013643950872784163,2025-06-15T10:55:09.020150,aefa21cdb19e719c7f63e6b79bff50db00643f98b85e0fd8e68020e1dde96861
7.9893949734277125,,data/benign/notepad-plus-plus_v8.7_npp.8.7.Installer.x64.exe,6637056,notepad-plus-plus_v8.7_npp.8.7.Installer.x64.exe,True,0,aa25b8d9bf2d7095f76d0ba6568785b1,0.013392232941834451,2025-06-15T10:55:09.198664,23d8e9bde3d08df26626af9978a09f8837d7162fd1accf563248d0eef89006fe
7.997061114767125,,data/benign/PowerToys_v0.86.0_PowerToysUserSetup-0.86.0-arm64.exe,279761984,PowerToys_v0.86.0_PowerToysUserSetup-0.86.0-arm64.exe,True,0,2d5a472b4e8056855a3c4fbe27edbdc4,0.003559432864187866,2025-06-15T10:55:18.322259,861cedbfdcda993d1d1056e3280319d5ea45d142ca3c737ab1fb4fabd651a5f5
4.9233730219993,,data/benign/Pidgin-OTR_Portable_4.0.2.paf.exe,121651,Pidgin-OTR_Portable_4.0.2.paf.exe,False,0,3027673141c488b0f6df4754e8015f3d,0.0,2025-06-15T10:55:18.326568,31739e06de60a255407b1291d1cac277b127268891ab2be0dbde1b1348e78626
5.33394252775331,,data/benign/portableapps_com_3a5b1e70_.exe,25882,portableapps_com_3a5b1e70_.exe,False,0,92a15a9027494b696a20ba0654e9fbe5,0.0,2025-06-15T10:55:18.339126,55a93cd9bedac76c12c17f83751c2737ee481adc3d38cb5962e7d3db7f60e564
7.998554228932417,,data/benign/PowerToys_v0.84.1_PowerToysSetup-0.84.1-x64.exe,40378368,PowerToys_v0.84.1_PowerToysSetup-0.84.1-x64.exe,True,0,d048ff8fad8eb80b5b6eedf00cdfe227,0.005314256385993609,2025-06-15T10:55:19.643932,f449c309c6bb26abcb3e911b878929f95d70f09bc1f104b7cb21eb98d3e27875
4.923598589335522,,data/benign/jPortableBrowserSwitch_1.0_English.paf.exe,122092,jPortableBrowserSwitch_1.0_English.paf.exe,False,0,e95c08f6655347c8bf86f087fe5123c0,0.0,2025-06-15T10:55:19.648525,b614f30a70004ac89961924efdf846f7a47a4972d118ef65a0102eb66e110677
7.981026200710294,,data/benign/notepad-plus-plus_v8.6.6_npp.8.6.6.Installer.exe,4695112,notepad-plus-plus_v8.6.6_npp.8.6.6.Installer.exe,True,0,48563a2720422c9aca0b0071c2947234,0.017381480995554525,2025-06-15T10:55:19.789726,732574cd602beb41c5bc74da6d660b3ce0fe53deed400e7d712073479129c99c
7.996991537445714,,data/benign/PowerToys_v0.85.1_PowerToysSetup-0.85.1-arm64.exe,270674144,PowerToys_v0.85.1_PowerToysSetup-0.85.1-arm64.exe,True,0,ed55577c486069e38b68231d8a7bdc2f,0.003565497560047701,2025-06-15T10:55:28.257966,6f4dc0217495973b974b7ac1099fd01a2a0fcee96e8719074ec97fbbc0ecac4a
7.988390951124656,,data/benign/notepad-plus-plus_v8.7.2_npp.8.7.2.Installer.arm64.exe,6317248,notepad-plus-plus_v8.7.2_npp.8.7.2.Installer.arm64.exe,True,0,397c763648be9c4d87f6b0efa9369a45,0.013923942830802274,2025-06-15T10:55:28.441032,988fc7d04d805286fa7ff6e474629ac525cc86922fa4a8be96b1b06d2aa8587b
7.9794374351909365,,data/benign/notepad-plus-plus_v8.5.8_npp.8.5.8.Installer.arm64.exe,4471968,notepad-plus-plus_v8.5.8_npp.8.5.8.Installer.arm64.exe,True,0,4c52ca2beb141cf161af5e041e9a785d,0.018054690910131736,2025-06-15T10:55:28.621764,cce850320e04799de045d9f79ccb5e175949fa771df94f5e777d7cbbc51e62b5
7.98953518291851,,data/benign/notepad-plus-plus_v8.7.9_npp.8.7.9.Installer.x64.exe,6703352,notepad-plus-plus_v8.7.9_npp.8.7.9.Installer.x64.exe,True,0,22fe54746f6c4d6e5a7986296ec5e931,0.013320052415567614,2025-06-15T10:55:28.835423,d3ced3c33d91bc8f09f9dbd315867b09158fa907fdd7454eaea15e933a32cada
7.988895741289268,,data/benign/notepad-plus-plus_v8.7.4_npp.8.7.4.Installer.exe,6496448,notepad-plus-plus_v8.7.4_npp.8.7.4.Installer.exe,True,0,6bb64a17c37a61276a1ff5b0a00b2e64,0.013634835528584235,2025-06-15T10:55:29.043680,35c9e2eb615beb81d8264b094c3b69bbb087d5daee5bb2288d86b07a151e24a6
7.996876113766258,,data/benign/PowerToys_v0.90.0_PowerToysSetup-0.90.0-arm64.exe,397572600,PowerToys_v0.90.0_PowerToysSetup-0.90.0-arm64.exe,True,0,a54b33d14bc26979bed20d618b9d79d4,0.0034899286319027014,2025-06-15T10:55:41.900756,2998007c8fcd7bd2770767c6502aaa2cc75b85ec30de62986ec7005eb0014edb
7.988854959706843,,data/benign/notepad-plus-plus_v8.7.5_npp.8.7.5.Installer.exe,6490760,notepad-plus-plus_v8.7.5_npp.8.7.5.Installer.exe,True,0,06f0f484c143ff92b319c2dd3d8d6a0a,0.013668661296982172,2025-06-15T10:55:42.091548,a2039a89c79d0f42030264534c7ba52d2c5310c3123ef5b74c44e7d8747a9ddf
5.3281620899146604,,data/benign/portableapps_com_68a2af35_.exe,25864,portableapps_com_68a2af35_.exe,False,0,fdeb7f423c40dac4d99465626cb8659e,0.0,2025-06-15T10:55:42.093626,b4e585d9e3f2b20f4d9e610510dd21c2e402455f273cebaf9357db797c760e34
7.998853882032232,,data/benign/PowerToys_v0.90.1_PowerToysUserSetup-0.90.1-x64.exe,401311192,PowerToys_v0.90.1_PowerToysUserSetup-0.90.1-x64.exe,True,0,219943e402f6d6b4d02f4732a1aa5a66,0.003748103790736043,2025-06-15T10:55:55.063021,cdaf760e86d350f9fcde7abd0950f1c0d5e6bdc2401169e12d8fd5f82a2285d5
7.997038897376271,,data/benign/PowerToys_v0.89.0_PowerToysUserSetup-0.89.0-arm64.exe,284430936,PowerToys_v0.89.0_PowerToysUserSetup-0.89.0-arm64.exe,True,0,e01b0f0a5d84400db723b6552bebbaf1,0.0035451277353318556,2025-06-15T10:56:03.920756,f69b00f4e520eb09fa0d1d1669e21910c5225fe7a2eedc0fa7c283b201a5f9c6
7.9819745554130375,,data/benign/notepad-plus-plus_v8.6.5_npp.8.6.5.Installer.x64.exe,4840624,notepad-plus-plus_v8.6.5_npp.8.6.5.Installer.x64.exe,True,0,7c4ec7186e0f2a854518bf3cb4f99254,0.01697962907261543,2025-06-15T10:56:04.075843,eedf45e0803ce36c4b745e54fc7a7136d9b364c2a795e646548a4350cf88a366
7.988860493479726,,data/benign/notepad-plus-plus_npp.8.8.1.Installer.arm64.exe,6490352,notepad-plus-plus_npp.8.8.1.Installer.arm64.exe,True,0,afc9aea97065163b9737a89073b4ca91,0.013653342684649461,2025-06-15T10:56:04.340226,3707d39b571331578d50b13eadd6d9445044cf13b1f9486645d3238e0b832fc8
7.980631750745734,,data/benign/notepad-plus-plus_v8.5.8_npp.8.5.8.Installer.exe,4642656,notepad-plus-plus_v8.5.8_npp.8.5.8.Installer.exe,True,0,e11d1f24d0abeaf09154c83202366b68,0.01756020691604116,2025-06-15T10:56:04.521485,3e60502bd9c2656b1af3721876ce6ab86fcdcdc6ac812b04cb28a18a98b025a7
7.978111012152741,,data/benign/notepad-plus-plus_v8.5.3_npp.8.5.3.Installer.arm64.exe,4319256,notepad-plus-plus_v8.5.3_npp.8.5.3.Installer.arm64.exe,True,0,1472614b9b3e5cfa57c05b8d2183df3f,0.01862496689244629,2025-06-15T10:56:04.663476,b3b40c651b23f5dcf328866da44c99bcc1891eda09f1993a9e99545d63a2e508
7.998853696864747,,data/benign/PowerToys_v0.90.1_PowerToysSetup-0.90.1-x64.exe,401309856,PowerToys_v0.90.1_PowerToysSetup-0.90.1-x64.exe,True,0,07bf53b899ee6d68930c4464e6bea843,0.003749501731649471,2025-06-15T10:56:17.668740,0df50c8896c73f0cc7c4e291e55350b87142824588da6ef6334a9065392f44f5
7.997041266629836,,data/benign/PowerToys_v0.87.1_PowerToysSetup-0.87.1-arm64.exe,282985168,PowerToys_v0.87.1_PowerToysSetup-0.87.1-arm64.exe,True,0,cec5e00fe65339421ed514a7a837ab85,0.0035440550014974636,2025-06-15T10:56:26.481206,aec9f1d02f1e23f0c1fcfdf95c337c962902394f44c0568012df78bedb45cf19
7.999929988566955,,data/benign/GIMP.exe,320646304,GIMP.exe,True,0,46352c928c474c8f1a528d4de514dc21,0.004494307222702308,2025-06-15T10:56:36.334566,947efa2397f7a17b8e4f4c9689e4ab67f00ca220ac1aa0ae0c1e179ccfc4fc10
7.988860493479726,,data/benign/npp.8.8.1.Installer.arm64.exe,6490352,npp.8.8.1.Installer.arm64.exe,True,0,afc9aea97065163b9737a89073b4ca91,0.013653342684649461,2025-06-15T10:56:36.530036,3707d39b571331578d50b13eadd6d9445044cf13b1f9486645d3238e0b832fc8
7.981979663239485,,data/benign/notepad-plus-plus_v8.6.1_npp.8.6.1.Installer.x64.exe,4843360,notepad-plus-plus_v8.6.1_npp.8.6.1.Installer.x64.exe,True,0,a20a3c0025e56aad540e52666fc1a8fc,0.016961985068217104,2025-06-15T10:56:36.679484,f1759d70f96af525d0d91c4a55ddaa59d73048a47ad8513561dc9e4cefb949b7
7.988274127549994,,data/benign/notepad-plus-plus_v8.7.5_npp.8.7.5.Installer.arm64.exe,6317448,notepad-plus-plus_v8.7.5_npp.8.7.5.Installer.arm64.exe,True,0,4dbda7d7869957331f61d7801ff5befb,0.013968931758520212,2025-06-15T10:56:36.865291,da45efaa6afca09398ce17e060860c72a0d2be52fd728dc3118fbe3a820bc06d
7.982054652132127,,data/benign/notepad-plus-plus_v8.6.7_npp.8.6.7.Installer.x64.exe,4854296,notepad-plus-plus_v8.6.7_npp.8.6.7.Installer.x64.exe,True,0,d401161afb56b8647202e031cec1ae78,0.016931394377269125,2025-06-15T10:56:37.009122,81470eb5917705fa0df03181b8112422671842bdcec5252a7894975b38058c91
4.731302269470464,,data/benign/vlc-3.0.20-win64.exe,29475,vlc-3.0.20-win64.exe,False,0,11ab8eda3a1b7fb37afdfd78eb6e0f48,0.0,2025-06-15T10:56:37.010975,ba40365f3204e837921c2fdbf6975a49403786a7e2e6f60d563693c6cbf0db79
7.716830061810911,,data/benign/downloads_sourceforge_net_af5f5975_Xye_Portable_Complete_Puzzle_Pack_2017-06-11.paf.exe,318560,downloads_sourceforge_net_af5f5975_Xye_Portable_Complete_Puzzle_Pack_2017-06-11.paf.exe,True,0,0076e993b6c066c567fb694e0d564b8d,0.07981855851330989,2025-06-15T10:56:37.020607,e0da12e815e7d1b20b2832ba37998e97ccccc74ffed483942ae5ef3d2032351c
7.998854345074466,,data/benign/PowerToys_v0.90.0_PowerToysSetup-0.90.0-x64.exe,401597584,PowerToys_v0.90.0_PowerToysSetup-0.90.0-x64.exe,True,0,d8894cb4b489f8956f629b17c51a2b6b,0.0037486505396904977,2025-06-15T10:56:49.208905,12801c44f43d0cc61e90df1efdc40e4f3c88341e0199d5b20791042d9b173dcf
7.988365190758352,,data/benign/notepad-plus-plus_v8.7.4_npp.8.7.4.Installer.arm64.exe,6319720,notepad-plus-plus_v8.7.4_npp.8.7.4.Installer.arm64.exe,True,0,f8ff3beaa8646389ca89705e6665747a,0.013929256359458964,2025-06-15T10:56:49.389056,51a0cf63ad46df312e6f8219bc3ca6bff2cae28940d404993a8dd24debbd8ce7
7.988874295451855,,data/benign/notepad-plus-plus_v8.7.7_npp.8.7.7.Installer.exe,6501480,notepad-plus-plus_v8.7.7_npp.8.7.7.Installer.exe,True,0,3f388fd7c6ddbfe1debd59e5f2bf8703,0.0136558137531762,2025-06-15T10:56:49.598719,3654426ed4146dc471eda0f1edda476db779266afed4f3458caa847cdee32598
7.931449889346529,,data/benign/portableapps_com_56230126_.exe,919904,portableapps_com_56230126_.exe,True,0,d91bdcbded50762714c3950d5b978ce2,0.03354915295509096,2025-06-15T10:56:49.630200,40e837a28998a5100a1fb50c46cc0f4145db83e77d769a1fcd57349f45fa38a8
7.999873560676055,,data/benign/VLC.exe,44420344,VLC.exe,True,0,3d63e3a94c39a18f4da866b896b41e80,0.004726865690189162,2025-06-15T10:56:51.329029,d8055b6643651ca5b9ad58c438692a481483657f3f31624cdfa68b92e8394a57
7.98927019330866,,data/benign/notepad-plus-plus_v8.7.4_npp.8.7.4.Installer.x64.exe,6652296,notepad-plus-plus_v8.7.4_npp.8.7.4.Installer.x64.exe,True,0,6bbbe78171ed5b9eb4fecaa682033b82,0.013458210518593881,2025-06-15T10:56:51.553770,4c895dd29a0bc5e30506cb67ab7199150de73fc41a4221974f3e4bb576474600
7.997003765956406,,data/benign/PowerToys_v0.85.1_PowerToysUserSetup-0.85.1-arm64.exe,270674184,PowerToys_v0.85.1_PowerToysUserSetup-0.85.1-arm64.exe,True,0,ceb90645c74f5ca87295d937ad67be42,0.003566309818449476,2025-06-15T10:57:00.403622,6d5c3b24156e6e66fd38ad15076b8442f0a1c5cfcbbdc33ad478fb27e5e086ae
4.925682009199027,,data/benign/Pidgin_Portable_Facebook_Plugin_0.9.6.paf.exe,122293,Pidgin_Portable_Facebook_Plugin_0.9.6.paf.exe,False,0,ccce724452d5a25468016796e53a05a3,0.0,2025-06-15T10:57:00.408105,385e434c743c8eb79404fd102d01cc118226c013a66a5eb8505cb5ced278e300
7.976975097156822,,data/benign/WinMerge-2.16.48.2-ARM64-Setup.exe,12199296,WinMerge-2.16.48.2-ARM64-Setup.exe,True,0,6016199749b8df4e43c2f3fa6426dc4f,0.01786488335064581,2025-06-15T10:57:00.802905,9999b5cb5ca346144613bb48c5a6cb25fac3b53c1734dc2c157e06af99fa4006
7.997075906534908,,data/benign/PowerToys_v0.88.0_PowerToysSetup-0.88.0-arm64.exe,284095432,PowerToys_v0.88.0_PowerToysSetup-0.88.0-arm64.exe,True,0,e2ac6a6e17184d741ae42d0ac765f9cd,0.0035488954993123578,2025-06-15T10:57:09.631830,aee4a67643c886336f31f86c4117ba5f01bca5e0e99ff34524217dc91afa7132
7.9920848089455365,,data/benign/7z24.09-zstd-arm.exe,2985268,7z24.09-zstd-arm.exe,True,0,720ff392bbb0cef580d38b27c0b837d9,0.011668299127582516,2025-06-15T10:57:09.726059,573d4f6efa305fa9662e0ce27d97e888d8da614652f7b6e2b08eb75ee6dfd71c
7.980129835322693,,data/benign/notepad-plus-plus_v8.5.1_npp.8.5.1.Installer.exe,4558872,notepad-plus-plus_v8.5.1_npp.8.5.1.Installer.exe,True,0,6830d0577f381708b971ecd7780319b4,0.01776996590384639,2025-06-15T10:57:09.861290,7a9c87ebf80d0f541e712e7be741835692a9d92946dd37984d6b56658094bb1d
7.988058166246438,,data/benign/notepad-plus-plus_v8.6.9_npp.8.6.9.Installer.arm64.exe,6211440,notepad-plus-plus_v8.6.9_npp.8.6.9.Installer.arm64.exe,True,0,9b508009664cdc69bf6a22ed9b75193d,0.014083368751851422,2025-06-15T10:57:10.055082,07f138ee4eefe4dd132260d025f57d0caf7511b4284d3df7f2b291cd6de4ca49
7.740183695238424,,data/benign/youtube-dl.exe,8170320,youtube-dl.exe,True,0,643cbb91d62906353deaaf479f77f386,0.04334848573862468,2025-06-15T10:57:10.320231,26e5c00c35c5c3edc86dfc0a720aed109a13b1b7c67ac654a0ce8ff82a1f2c16
7.998916884292232,,data/benign/PowerToys_v0.85.1_PowerToysUserSetup-0.85.1-x64.exe,275096880,PowerToys_v0.85.1_PowerToysUserSetup-0.85.1-x64.exe,True,0,746cddd0b0cd68e27086d5dcebdfe784,0.0038021005545391864,2025-06-15T10:57:18.860286,5f287c34bf68972c55d7c26585ea5c449b0dba7d458bf7039cff448e1d7b732b
7.991358303230844,,data/benign/downloads_sourceforge_net_fb81374e_WaveShop_Portable_LADSPA_Plugins_0.4.15_English.paf.exe,2700800,downloads_sourceforge_net_fb81374e_WaveShop_Portable_LADSPA_Plugins_0.4.15_English.paf.exe,True,0,f6dcecb59c49699e66c7f92dc12dc990,0.012009774881516588,2025-06-15T10:57:18.948687,146f9b79f1280c86edac99a483d5c12f497a1f4e8536bf17fe8e848408c1a72c
7.980868687943467,,data/benign/notepad-plus-plus_v8.6.5_npp.8.6.5.Installer.exe,4682400,notepad-plus-plus_v8.6.5_npp.8.6.5.Installer.exe,True,0,6f7e2e04a4e06254fd1454515eb0331d,0.017436784554929096,2025-06-15T10:57:19.119120,5180a17f24df75ccc000cdc2904b14c865ccfd7521909bf06cc75189a65c3e2f
5.3211767144060325,,data/benign/portableapps_com_1bdbc238_.exe,25382,portableapps_com_1bdbc238_.exe,False,0,3fcc2b60c5c237f5eff7951fc711e836,0.0,2025-06-15T10:57:19.121921,362cca7e77ce15859517f121331d0a59d9e12b99e35b572d84fabf758bffa375
7.9820051771885785,,data/benign/notepad-plus-plus_v8.6.6_npp.8.6.6.Installer.x64.exe,4850760,notepad-plus-plus_v8.6.6_npp.8.6.6.Installer.x64.exe,True,0,bcb1c525ff9ddec83a24845579bdd128,0.01695239508860467,2025-06-15T10:57:19.266237,b03d9ed51c1851c636174e45be0cbd197a896084423fde8bc23fc64b7a72ce28
7.9810123930851855,,data/benign/notepad-plus-plus_v8.5.7_npp.8.5.7.Installer.x64.exe,4729136,notepad-plus-plus_v8.5.7_npp.8.5.7.Installer.x64.exe,True,0,a472029b9724ed33fbdb61e3c76549a8,0.01737843868309137,2025-06-15T10:57:19.413367,c629b9b1d16213142d845cd78f1b0aec29a74fbfe557a8451439d1a319040f62
7.998839609341004,,data/benign/PowerToys_v0.91.1_PowerToysUserSetup-0.91.1-x64.exe,405949816,PowerToys_v0.91.1_PowerToysUserSetup-0.91.1-x64.exe,True,0,d3065dc51c725649838842dd20c36b2d,0.0037435637118258974,2025-06-15T10:57:33.269716,42ea4a3e8c79a5456476d19e72b3e2ab9393a89c4dc7442eb7ee5a1e3490d38a
7.9885268181857505,,data/benign/notepad-plus-plus_v8.6.9_npp.8.6.9.Installer.exe,6390144,notepad-plus-plus_v8.6.9_npp.8.6.9.Installer.exe,True,0,c4c26315e5c534c03cd72d52465cc8eb,0.013830674238327024,2025-06-15T10:57:33.648144,5de8b54409e62ec2ab2ca37635a50059a846e73de80f6e07967acf70ecaec406
7.997061417992284,,data/benign/PowerToys_v0.86.0_PowerToysSetup-0.86.0-arm64.exe,279761792,PowerToys_v0.86.0_PowerToysSetup-0.86.0-arm64.exe,True,0,8e967b9fb1086aa3815cdfa3a59612e4,0.003561118882166726,2025-06-15T10:57:43.027335,6f37192534c195a02a80aae1e449df61c894c50763096a06195581801943fa31
5.324851621233346,,data/benign/portableapps_com_1e12fca1_.exe,25480,portableapps_com_1e12fca1_.exe,False,0,dda80d149fdb1d8324d7bf419b08f490,0.0,2025-06-15T10:57:43.030104,c6308bac3bdffe493b785abccd3ad7c2b6d5e2df0de0eb7cf1e2ad789cc2ad69
7.998912654857008,,data/benign/PowerToys_v0.86.0_PowerToysSetup-0.86.0-x64.exe,284275216,PowerToys_v0.86.0_PowerToysSetup-0.86.0-x64.exe,True,0,3d5f88c95a30d51de4d6e188b771beea,0.003779344591193627,2025-06-15T10:57:51.961147,857de9dc5938d9602f82dfd6183db5e6823b875a412aec59b4be93617e27e9cd
7.988361036705924,,data/benign/notepad-plus-plus_v8.7.7_npp.8.7.7.Installer.arm64.exe,6326640,notepad-plus-plus_v8.7.7_npp.8.7.7.Installer.arm64.exe,True,0,49cd17416ec333be5e625ad8afb0c087,0.01393030107608462,2025-06-15T10:57:52.156749,f092564519cfe44f8de52b1b80b0d79ce5c8694a13c1da23ecf01d85bd65ac98
7.996172738318841,,data/benign/7zip.exe,1589510,7zip.exe,True,0,e5788b13546156281bf0a4b38bdd0901,0.008637882114613938,2025-06-15T10:57:52.203671,26cb6e9f56333682122fafe79dbcdfd51e9f47cc7217dccd29ac6fc33b5598cd
7.989711533359942,,data/benign/npp.8.8.1.Installer.x64.exe,6824080,npp.8.8.1.Installer.x64.exe,True,0,9e0364b57fd31a98cc39aafe0b9a1f38,0.013209106575538388,2025-06-15T10:57:52.416853,605c68624939ba55ac9bbba4ea3b7b3a602a91d8103862d232a14adc0176efca
7.998304051892213,,data/benign/WinMerge-2.16.48.2-x64-PerUser-Setup.exe,11224056,WinMerge-2.16.48.2-x64-PerUser-Setup.exe,True,0,a9b09c08fb5193f8380da8e1ce1d66e8,0.007109462034045447,2025-06-15T10:57:52.749820,b753b34258faf2272bf8bbbd4b34b63481f783b8ec2f2df5677f49880b9e7bfe
7.981636241524831,,data/benign/notepad-plus-plus_v8.5.8_npp.8.5.8.Installer.x64.exe,4796432,notepad-plus-plus_v8.5.8_npp.8.5.8.Installer.x64.exe,True,0,bb24bfe6b03ed859d38d7ac653617417,0.01711272045553862,2025-06-15T10:57:52.910902,d50a46e7ffb799d501d60d9d3689d0b3fbe668d16aa421d67216269f83974220
7.996837932381693,,data/benign/PowerToys_v0.90.1_PowerToysUserSetup-0.90.1-arm64.exe,397319752,PowerToys_v0.90.1_PowerToysUserSetup-0.90.1-arm64.exe,True,0,c097643da0c6bc40355d235f1cfc0130,0.003495552368108797,2025-06-15T10:58:06.799972,e26b1f27c04358a112b5d10d4ed98abb51399dcb5c1dd2a9017d2007e9ae33af
5.3405117802288835,,data/benign/portableapps_com_df5f647e_.exe,25863,portableapps_com_df5f647e_.exe,False,0,0a1c37683e48ce089d4bea2f8115d337,0.0,2025-06-15T10:58:06.801386,b81331d856d7643dccde4727780eb39c8656567d5f2d1240aeeac093aa2ca520
7.980640802203932,,data/benign/notepad-plus-plus_v8.5.3_npp.8.5.3.Installer.x64.exe,4652152,notepad-plus-plus_v8.5.3_npp.8.5.3.Installer.x64.exe,True,0,aa6cd75d2cea71084acff6f5bb4bd541,0.017548867706816115,2025-06-15T10:58:06.959659,90e1c08bee6b46a41713b1a612ed2b64e647194d9e4e9df40639d7a8cae94074
7.9807765715004,,data/benign/audacity-win-3.7.3-64bit.exe,16959640,audacity-win-3.7.3-64bit.exe,True,0,87c03b273c4079db4fe0c4e432ecdadd,0.016820345243177333,2025-06-15T10:58:07.530848,82abda13ca234b9c11361501a4cb2191a2c10cb28c181e42952b3ff0d8f6d41a
7.989391992750201,,data/benign/notepad-plus-plus_v8.8.1_npp.8.8.1.Installer.exe,6661840,notepad-plus-plus_v8.8.1_npp.8.8.1.Installer.exe,True,0,d2645c93e86c924ce295ef6c89d94897,0.013392245986093933,2025-06-15T10:58:07.741274,dd08c28a036547339ab60ee26325b44a1e162d9ff8129474ec8fc2744332d5f4
7.998908543773343,,data/benign/PowerToys_v0.89.0_PowerToysSetup-0.89.0-x64.exe,288667648,PowerToys_v0.89.0_PowerToysSetup-0.89.0-x64.exe,True,0,79711a847712126f45f0ad43cd4e93f6,0.0037746730800952105,2025-06-15T10:58:16.903601,e18ac8f9023e341cf7dad35367fb9dddb6565d83d8155dbcddb40ae8a24ae731
5.325928585335144,,data/benign/portableapps_com_465ca9eb_.exe,25662,portableapps_com_465ca9eb_.exe,False,0,ba807c5a21042cc6527ac8e46d1638e1,0.0,2025-06-15T10:58:16.905300,d81950a0f0eff0253608e14c34d78bf1cabbe65499ab47cd6dd9663c79258c5a
7.98939993941404,,data/benign/notepad-plus-plus_v8.7.3_npp.8.7.3.Installer.x64.exe,6650624,notepad-plus-plus_v8.7.3_npp.8.7.3.Installer.x64.exe,True,0,f918c87298dc3af88dfe08c81f24b220,0.013371226519496517,2025-06-15T10:58:17.120604,96c8ec61acb7fa58af7c6be55f15ae6891703841ec2c61692c3c9f4e5dc3207d
7.9878474653386355,,data/benign/7z24.09-zstd-x32.exe,2731790,7z24.09-zstd-x32.exe,True,0,01bd3a11c59eb55d841e231630081445,0.013390487555778445,2025-06-15T10:58:17.210144,5dec4e0d4a7ff43bc0022ad33044293efdde2afc8e911f4fcb6ac9bcee4f6e7c
7.996896204580264,,data/benign/PowerToys_v0.91.1_PowerToysUserSetup-0.91.1-arm64.exe,400859472,PowerToys_v0.91.1_PowerToysUserSetup-0.91.1-arm64.exe,True,0,5bedf9f2914884852470ca776fffb0f6,0.0034959508203912418,2025-06-15T10:58:30.664093,f3f433fe04049f9197411d792aadebf34e3be7fe16327bd8b73d2a046ed8baf6
5.340725158107506,,data/benign/portableapps_com_165f4bc6_.exe,25570,portableapps_com_165f4bc6_.exe,False,0,943dd105caca80ef1c34383a091be9e0,0.0,2025-06-15T10:58:30.665541,aa5b0c0f934e1046c38b896846f68a5dcc981ff8c12bae0db0cd8cffde82c91b
7.980990969934235,,data/benign/notepad-plus-plus_v8.6.4_npp.8.6.4.Installer.exe,4683224,notepad-plus-plus_v8.6.4_npp.8.6.4.Installer.exe,True,0,b02120adea3360f792534640b9ac2606,0.01741086909359877,2025-06-15T10:58:30.808148,fcf1786ef1545c521448ad7cdd7833f106dbc4295a0433f8b5d0bc2bc40336d0
4.924222143392349,,data/benign/Pidgin-Encryption_Portable_3.1_Rev_2.paf.exe,122204,Pidgin-Encryption_Portable_3.1_Rev_2.paf.exe,False,0,18beba07187c6936d5c2472428828ddd,0.0,2025-06-15T10:58:30.812439,1385236cddd75751760bf7b5d071a5e89cd4f899afa30ae0c1e979f0c8cf9939
4.930468333647012,,data/benign/WaveShop_Portable_LADSPA_Plugins_0.4.15_English.paf.exe,122385,WaveShop_Portable_LADSPA_Plugins_0.4.15_English.paf.exe,False,0,f345708b22e8436f5ad2916e23670d7f,0.0,2025-06-15T10:58:30.817241,2fcd3aa004bef1e188e569a4365a490d11a8ecc023bab2ecb03671157cb4d7c7
7.97980432876838,,data/benign/notepad-plus-plus_v8.6.1_npp.8.6.1.Installer.arm64.exe,4521352,notepad-plus-plus_v8.6.1_npp.8.6.1.Installer.arm64.exe,True,0,bb8f9985cb476124250f7cb76f5fe2a7,0.01790415787136237,2025-06-15T10:58:30.959285,c2623c35ebde34ba88d1a94664ba0cd1707db71e69b08480014071d5c7bf07ff
7.997019392231534,,data/benign/PowerToys_v0.89.0_PowerToysSetup-0.89.0-arm64.exe,284428680,PowerToys_v0.89.0_PowerToysSetup-0.89.0-arm64.exe,True,0,ce21faaf23cf68ea80d28e5424a02f6a,0.003550482321262399,2025-06-15T10:58:39.572742,17deadec601d6061d7af4f487595cc36d9191813003cc2ece381017f0ec71fbb
7.998913018103908,,data/benign/PowerToys_v0.87.1_PowerToysSetup-0.87.1-x64.exe,287456352,PowerToys_v0.87.1_PowerToysSetup-0.87.1-x64.exe,True,0,a051cd380ccbbfd0c3e3481b8e27a899,0.0037778883383311006,2025-06-15T10:58:48.720230,69ad65ddac6436aef292d2cc6ab1530021ce98083cb3f5fd3380a52a3b0dbb9a
7.998846056644846,,data/benign/PowerToys_v0.91.0_PowerToysUserSetup-0.91.0-x64.exe,406183416,PowerToys_v0.91.0_PowerToysUserSetup-0.91.0-x64.exe,True,0,bcc89d34d37468b137b6fd2348f697fc,0.0037442321377296212,2025-06-15T10:59:01.399583,190dd702ede2d3ac27a253df8bc2416b1af05e6594ff25cabee844e6d3c8ccb0
7.997583366862059,,data/benign/WinMerge.exe,9230616,WinMerge.exe,True,0,6139f3fb3328e59cbbed0f2d1c23b6af,0.007821579838225314,2025-06-15T10:59:01.673582,b84008733e24bc0816f8ad4bce41e4dee330c5647861820959cb09861acc10fe
7.896122296616288,,data/benign/downloads_sourceforge_net_c41ac0f0_Pidgin_Portable_Facebook_Plugin_0.9.6.paf.exe,655728,downloads_sourceforge_net_c41ac0f0_Pidgin_Portable_Facebook_Plugin_0.9.6.paf.exe,True,0,27992443f517f22631ea3b65133d7053,0.04268690676622014,2025-06-15T10:59:01.695243,c0bf585051e1581e820f87de4e60723c6e9213614c5f31217ed5815954e15320
7.989713068677369,,data/benign/notepad-plus-plus_v8.8_npp.8.8.Installer.x64.exe,6808184,notepad-plus-plus_v8.8_npp.8.8.Installer.x64.exe,True,0,02c254b3bbeceb27f78aef80a795c35e,0.013217474733350332,2025-06-15T10:59:01.906972,e4a3c1b6d84c41ce21e1d687580b84cc0bafb6af7dbfdc5b1c21edf6fe27a07f
7.981795124461488,,data/benign/notepad-plus-plus_v8.6_npp.8.6.Installer.x64.exe,4816456,notepad-plus-plus_v8.6_npp.8.6.Installer.x64.exe,True,0,20fee1de1747be65d3ca6114d530e581,0.017048012065302785,2025-06-15T10:59:02.049134,92b94f5df86bf73ccdce652e4e8b5d3085e16da2ae7fc9feeac6a6dcc01c4490
7.989711533359942,,data/benign/notepad-plus-plus_npp.8.8.1.Installer.x64.exe,6824080,notepad-plus-plus_npp.8.8.1.Installer.x64.exe,True,0,9e0364b57fd31a98cc39aafe0b9a1f38,0.013209106575538388,2025-06-15T10:59:02.272951,605c68624939ba55ac9bbba4ea3b7b3a602a91d8103862d232a14adc0176efca
4.931283620032518,,data/benign/SMPlayer_Portable_MPlayer_Codec_Addon_2007-10-07_online.paf.exe,123098,SMPlayer_Portable_MPlayer_Codec_Addon_2007-10-07_online.paf.exe,False,0,b3b53756123a0b3cacab3c37b8b1ef39,0.0,2025-06-15T10:59:02.281112,e1d27c03b5f751108f138e1e9baefdcc19754608f02a69ee3ba657ff69cfea52
7.998909831935041,,data/benign/PowerToys_v0.89.0_PowerToysUserSetup-0.89.0-x64.exe,288668408,PowerToys_v0.89.0_PowerToysUserSetup-0.89.0-x64.exe,True,0,afe7a5c40b40a0260560a491e41305c9,0.003774825958786595,2025-06-15T10:59:11.078365,b4f130cc96f321024a257499247f6ff6da56612215ed3882e868aae26c689e33
5.315842047191838,,data/benign/portableapps_com_0433009d_.exe,25267,portableapps_com_0433009d_.exe,False,0,d82bfae8fe1d018c7c01b9ec7045a669,0.0,2025-06-15T10:59:11.080187,f4d1197101f719424de70ba88c50ab412756372f3f71f11f84a995201266b7b6
7.980175474831684,,data/benign/notepad-plus-plus_v8.5.7_npp.8.5.7.Installer.exe,4572328,notepad-plus-plus_v8.5.7_npp.8.5.7.Installer.exe,True,0,58c301d14b3d02cb451f6c9363234212,0.0177642548828518,2025-06-15T10:59:11.230970,94707f5f6a65be1c224652eca4571e4a37ef670e4766423cfe194211554df9c5
7.931221793615667,,data/benign/notepad-plus-plus_npp.8.8.Installer.arm64.exe,2072576,notepad-plus-plus_npp.8.8.Installer.arm64.exe,True,0,a1c87a672f49679893f378ebe5a17591,0.03450826411190711,2025-06-15T10:59:11.309007,01c908ab47d2cf84e1d749b6c81c236c17f03dce10d8e6190b3e7773cd84c698
7.978829487298546,,data/benign/notepad-plus-plus_v8.5.6_npp.8.5.6.Installer.arm64.exe,4381176,notepad-plus-plus_v8.5.6_npp.8.5.6.Installer.arm64.exe,True,0,57e81e1a1e49c03ff6b1247e63189196,0.01830764160125044,2025-06-15T10:59:11.446606,84d32c8f9422f60c37f4fbb72bac9ba1b11d0dafc5a86423498055ccfaf08986
7.981752523128194,,data/benign/7z24.09-zstd-x64.exe,3036304,7z24.09-zstd-x64.exe,True,0,243c6c71b203db311d1825f337bd091c,0.016260229542232926,2025-06-15T10:59:11.548774,2378901c99005aed525971e6d308a3a80807efc6bb21075df53bbb7cd697572b
7.996900683161194,,data/benign/PowerToys_v0.91.1_PowerToysSetup-0.91.1-arm64.exe,400858256,PowerToys_v0.91.1_PowerToysSetup-0.91.1-arm64.exe,True,0,bfeb494d122937cd7e6d6df55f5f5ba0,0.0034966250015317133,2025-06-15T10:59:24.107553,9cb8911008420d0e446ae3d5ce365e447fa4df9dcf9337f3a80f933c00fc3689
7.979668353548595,,data/benign/notepad-plus-plus_v8.6_npp.8.6.Installer.arm64.exe,4497336,notepad-plus-plus_v8.6_npp.8.6.Installer.arm64.exe,True,0,0cf785608d00d14d7287f885f701c8d6,0.017954184432739738,2025-06-15T10:59:24.240720,7b8892c420d9392c0a0d7b1768258da7e0e5ed635857d9995a45e790cb377f2c
7.972916637054658,,data/benign/downloads_sourceforge_net_734f5efa_Pidgin-OTR_Portable_4.0.2.paf.exe,1489936,downloads_sourceforge_net_734f5efa_Pidgin-OTR_Portable_4.0.2.paf.exe,True,0,20cb124a26f1406b690596070e044d35,0.020218318102254055,2025-06-15T10:59:24.284898,7bb0c4cd215cfba5ae69c7884c709abc23b6d36ed645906d70ee54fda23173df
7.998905252801177,,data/benign/PowerToys_v0.85.0_PowerToysSetup-0.85.0-x64.exe,275100840,PowerToys_v0.85.0_PowerToysSetup-0.85.0-x64.exe,True,0,b880aebc97a4903cbae0a1989b0cf154,0.0037969349711909277,2025-06-15T10:59:32.360925,4a248aa914eee339aa99d467fdfbdb1fcd7a49a8564ddbbb811d0ec69cebab75
7.998299693703372,,data/benign/WinMerge-2.16.48.2-x64-Setup.exe,11224968,WinMerge-2.16.48.2-x64-Setup.exe,True,0,ede0b1db43a9b118e605ec806b1b9b19,0.007114853245015932,2025-06-15T10:59:32.693789,f8adc543b2dc722252b87b92bae982cce9083a642df30329419457a90484dfa3
7.9796112710237255,,data/benign/notepad-plus-plus_v8.6.4_npp.8.6.4.Installer.arm64.exe,4514072,notepad-plus-plus_v8.6.4_npp.8.6.4.Installer.arm64.exe,True,0,3e4ef60e3cafdb1551c6f70c38a5e34b,0.01798974407142819,2025-06-15T10:59:32.828670,788b956f9c4ee4638762927dd8422b58d7201041e40f57bd97cd0b9fbbbece11
7.776416325728235,,data/benign/downloads_sourceforge_net_f2ce5f50_Pidgin-Encryption_Portable_3.1_Rev_2.paf.exe,433328,downloads_sourceforge_net_f2ce5f50_Pidgin-Encryption_Portable_3.1_Rev_2.paf.exe,True,0,65e2985644c91db96e75a2c4650df19f,0.06964470331942547,2025-06-15T10:59:32.842637,20f73676a929a5261d5af3e26730e75cd827b3f1a223b0abf25e510014460d41
7.997022143947209,,data/benign/PowerToys_v0.87.0_PowerToysUserSetup-0.87.0-arm64.exe,282915944,PowerToys_v0.87.0_PowerToysUserSetup-0.87.0-arm64.exe,True,0,77753db34f75c9fbba314fb4b2b4bd79,0.003551051191374354,2025-06-15T10:59:41.626326,3557d4f35aa52571334712a48f51d116f389fa8c43c6b27fe321a7525067e7ae
7.98833399013203,,data/benign/notepad-plus-plus_v8.7.3_npp.8.7.3.Installer.arm64.exe,6317888,notepad-plus-plus_v8.7.3_npp.8.7.3.Installer.arm64.exe,True,0,ffc6c5881259070aaae3c0b012a7a4c4,0.013943741959338311,2025-06-15T10:59:41.842614,59cfc948b2852c05469cfcf75a9d9367131395ce752d23531d42cae11e6d1fab
7.988860493479726,,data/benign/notepad-plus-plus_v8.8.1_npp.8.8.1.Installer.arm64.exe,6490352,notepad-plus-plus_v8.8.1_npp.8.8.1.Installer.arm64.exe,True,0,afc9aea97065163b9737a89073b4ca91,0.013653342684649461,2025-06-15T10:59:42.040794,3707d39b571331578d50b13eadd6d9445044cf13b1f9486645d3238e0b832fc8
7.998917837185354,,data/benign/PowerToys_v0.88.0_PowerToysUserSetup-0.88.0-x64.exe,288243088,PowerToys_v0.88.0_PowerToysUserSetup-0.88.0-x64.exe,True,0,f6751881a5f740a8ca51aa8a3b148c1e,0.003772721863151841,2025-06-15T10:59:51.166949,5bba2e06603caae0269dfbc991095c6664fd934130335197c1ba3120e19b7ca3
7.989291504307195,,data/benign/notepad-plus-plus_v8.7.7_npp.8.7.7.Installer.x64.exe,6659856,notepad-plus-plus_v8.7.7_npp.8.7.7.Installer.x64.exe,True,0,9d5f82487266770f1d4aaae96354a4cc,0.013446386828784285,2025-06-15T10:59:51.368465,4148e29f859b8cef8ad0d834701d3982c673db523c3b7d41088a4db9b11794cc
7.998913669264626,,data/benign/PowerToys_v0.87.1_PowerToysUserSetup-0.87.1-x64.exe,287457208,PowerToys_v0.87.1_PowerToysUserSetup-0.87.1-x64.exe,True,0,1f0667d172114d905dfb09f335eb434f,0.003778009281993722,2025-06-15T10:59:59.740576,8efaf47ed00bf230d2c2cc3cb6765c903a6a47e0aaed0bbb329cef918207b486
7.97959134828447,,data/benign/notepad-plus-plus_v8.6.6_npp.8.6.6.Installer.arm64.exe,4504688,notepad-plus-plus_v8.6.6_npp.8.6.6.Installer.arm64.exe,True,0,fb1e10c85b9364d09c6507cf18605647,0.018008128420880648,2025-06-15T10:59:59.869562,495f11d9116e6338404f19392880e8ed0c53cdab8fc997da5734eca937851da8
7.9968960103050195,,data/benign/PowerToys_v0.91.0_PowerToysUserSetup-0.91.0-arm64.exe,400954408,PowerToys_v0.91.0_PowerToysUserSetup-0.91.0-arm64.exe,True,0,21384a5690cb283e0ee781910ba85ab9,0.003488740794689056,2025-06-15T11:00:11.081806,be6c964c40147b5f7838e51a13837347756cc45e6ac5bc0dd11af9af605abdcd
7.989321616859137,,data/benign/notepad-plus-plus_v8.7.6_npp.8.7.6.Installer.x64.exe,6661560,notepad-plus-plus_v8.7.6_npp.8.7.6.Installer.x64.exe,True,0,62e1232e4260b0c2a894d00bbb7faf77,0.013432139018488162,2025-06-15T11:00:11.255182,457e9434e87e1bbd305b2ea0d37bca0b324410bfeeff107449e6388fdb2cc183
7.99891407136611,,data/benign/PowerToys_v0.87.0_PowerToysSetup-0.87.0-x64.exe,287420248,PowerToys_v0.87.0_PowerToysSetup-0.87.0-x64.exe,True,0,e3ade417593c4c1dccfd8f3776ef9b39,0.0037767067823280148,2025-06-15T11:00:19.176416,600cdc7f9ac296aa8b554ca34a0c7ea2d9b1e7e8e41bd096840851b416e63a3c
5.323159207620867,,data/benign/portableapps_com_c1cdee96_.exe,25487,portableapps_com_c1cdee96_.exe,False,0,afdfa79643a94089cf2a0792971ecb41,0.0,2025-06-15T11:00:19.178810,ea7966d92882539e8f4d987ed03c92e517b5428cd564d3f8e04add00348a0d09
7.989367037923857,,data/benign/notepad-plus-plus_v8.7.8_npp.8.7.8.Installer.x64.exe,6695632,notepad-plus-plus_v8.7.8_npp.8.7.8.Installer.x64.exe,True,0,95a848494f66a42adff07d7ad0607394,0.01340127414409872,2025-06-15T11:00:19.364473,560bc667c85da047fde5065c87e469b177df47ee5e2793a7a3a5c745edf894db
7.989146941886703,,data/benign/notepad-plus-plus_v8.7.1_npp.8.7.1.Installer.x64.exe,6616496,notepad-plus-plus_v8.7.1_npp.8.7.1.Installer.x64.exe,True,0,251d47503743b09d4ec3847356487ac9,0.013505335754755992,2025-06-15T11:00:19.553866,aa130d151859eccc8b4cc535ae756682069d626087e8c56a35b630df4b5f0024
7.989284753269332,,data/benign/notepad-plus-plus_v8.7.5_npp.8.7.5.Installer.x64.exe,6649056,notepad-plus-plus_v8.7.5_npp.8.7.5.Installer.x64.exe,True,0,2ca5c1927655e183db32d884689d8e3c,0.013439952979791416,2025-06-15T11:00:19.735523,595c75a188fad1b7b3f6f4372a796d1fee9c3799d065bf0888bbc4efff4c1173
7.988891064249042,,data/benign/notepad-plus-plus_v8.7_npp.8.7.Installer.exe,6484488,notepad-plus-plus_v8.7_npp.8.7.Installer.exe,True,0,443a500b3ea928e9d72ee71b1502920f,0.013644562222954225,2025-06-15T11:00:19.920462,3ff0b334954a8ff845756aa09ce4ffb9b7780250cd7d84c1dce97c02ad399db5
7.980845840020638,,data/benign/notepad-plus-plus_v8.6_npp.8.6.Installer.exe,4670120,notepad-plus-plus_v8.6_npp.8.6.Installer.exe,True,0,f1a1d6c15059ffdfe38bedfe7ca066de,0.01746357695305474,2025-06-15T11:00:20.041811,40a7f4e73f670b5d620096115886d1931aa36e3daa70735fc5bad3041c3730d5
7.979023478655955,,data/benign/notepad-plus-plus_v8.5.1_npp.8.5.1.Installer.arm64.exe,4414224,notepad-plus-plus_v8.5.1_npp.8.5.1.Installer.arm64.exe,True,0,e7e1b3adb49e0d43c93ecc0667857649,0.01824171134043039,2025-06-15T11:00:20.178082,1535ed2421095a320c3bcf4b5d998980d009d16b90795e1344baf4118182a5cd
7.980710693667886,,data/benign/notepad-plus-plus_v8.6.8_npp.8.6.8.Installer.arm64.exe,4652656,notepad-plus-plus_v8.6.8_npp.8.6.8.Installer.arm64.exe,True,0,236b26ce7d8d2068902596ae93684e46,0.017521389932975917,2025-06-15T11:00:20.304117,adf24d2563ec4bd7d32ce1982b82676329d16a3ef43e0f24ce227e0c97487532
7.996996633575581,,data/benign/PowerToys_v0.85.0_PowerToysSetup-0.85.0-arm64.exe,270632208,PowerToys_v0.85.0_PowerToysSetup-0.85.0-arm64.exe,True,0,a6461a33e92d19b9176152489c7226bb,0.003558940774706313,2025-06-15T11:00:27.424664,b5fb04eaf44c4203e785411ff55025842b9c39d4970c0c934cb8adbe79ef31af
7.998921219184006,,data/benign/PowerToys_v0.88.0_PowerToysSetup-0.88.0-x64.exe,288241952,PowerToys_v0.88.0_PowerToysSetup-0.88.0-x64.exe,True,0,a8d6a9a93f01a40f29fa5aa90a9289e7,0.003773007337946421,2025-06-15T11:00:34.771095,c43742db7aa3f8b01fe7ae1da591f0342767afe5bbacb72f2968ce5e8ee1e3ac
7.9888678062897185,,data/benign/notepad-plus-plus_v8.7.8_npp.8.7.8.Installer.exe,6533408,notepad-plus-plus_v8.7.8_npp.8.7.8.Installer.exe,True,0,05119a5a8a98c8d9fa3f38d2d674496d,0.01366086428400002,2025-06-15T11:00:34.959237,61266b355e3ee47ae4b07bb91ef4035333c3059e983930f95cdc4451b5748436
7.998846138994642,,data/benign/PowerToys_v0.91.0_PowerToysSetup-0.91.0-x64.exe,406182128,PowerToys_v0.91.0_PowerToysSetup-0.91.0-x64.exe,True,0,0ba442afa822b8da3636454d34d7855d,0.0037438451747931166,2025-06-15T11:00:46.102797,2308d896d9a66c56b98ac8b3ce9b7c945c7a2315551e36c118c7ecac4a6d05c2
7.98282331592453,,data/benign/notepad-plus-plus_v8.6.8_npp.8.6.8.Installer.x64.exe,4985152,notepad-plus-plus_v8.6.8_npp.8.6.8.Installer.x64.exe,True,0,610cc0eab1102a9f619d32107f2dc874,0.016587458115620145,2025-06-15T11:00:46.275758,d9fd6944595083644a4711f0b18611d4547f0c75c89c944bb9de196d74375008
7.989391992750201,,data/benign/npp.8.8.1.Installer.exe,6661840,npp.8.8.1.Installer.exe,True,0,d2645c93e86c924ce295ef6c89d94897,0.013392245986093933,2025-06-15T11:00:46.446059,dd08c28a036547339ab60ee26325b44a1e162d9ff8129474ec8fc2744332d5f4
7.981065092934429,,data/benign/notepad-plus-plus_v8.6.7_npp.8.6.7.Installer.exe,4701256,notepad-plus-plus_v8.6.7_npp.8.6.7.Installer.exe,True,0,09b2737d35f9f80a32e859d852f6cad3,0.01737365504027009,2025-06-15T11:00:46.567128,81612f8619d793f8d988d771fc1f2586c88ff43a449b0d8b80849512894d93c9
7.9807589147582965,,data/benign/notepad-plus-plus_v8.5.2_npp.8.5.2.Installer.x64.exe,4661096,notepad-plus-plus_v8.5.2_npp.8.5.2.Installer.x64.exe,True,0,9175a2bfef2c9ef58ba90f8aece50eb2,0.01750253588426413,2025-06-15T11:00:46.685336,572811bf01a9112c7414b783861da34b2b93f3de298e8455dafb484d19b11f4b
7.996852749343525,,data/benign/PowerToys_v0.90.1_PowerToysSetup-0.90.1-arm64.exe,397318208,PowerToys_v0.90.1_PowerToysSetup-0.90.1-arm64.exe,True,0,ba5d39016965bc2ab059c000c1ea5569,0.0034900917503383083,2025-06-15T11:00:57.408918,9356847e88a7dd43dfe428e6aa8e35b196ce7b24cc30d1c3d6771167ffc8c1e7
7.997025900203158,,data/benign/PowerToys_v0.85.0_PowerToysUserSetup-0.85.0-arm64.exe,270630992,PowerToys_v0.85.0_PowerToysUserSetup-0.85.0-arm64.exe,True,0,4b677a3c724638f990f5571aa97eff53,0.003564964946808457,2025-06-15T11:01:04.712551,2ca077e842b7c53bafc75a25dbd16c1a4fce20924c36fda5ad8cf23cd836b855
7.988957491951652,,data/benign/notepad-plus-plus_v8.7.6_npp.8.7.6.Installer.exe,6501208,notepad-plus-plus_v8.7.6_npp.8.7.6.Installer.exe,True,0,d1e68674d386c971a3477a29cb471af1,0.013611008907882966,2025-06-15T11:01:04.891296,b6894e069027df82bc098246c90391160ed6a114e2e707a90e1b5f0c3d6d04f5
7.980071329827151,,data/benign/notepad-plus-plus_v8.5.6_npp.8.5.6.Installer.exe,4550160,notepad-plus-plus_v8.5.6_npp.8.5.6.Installer.exe,True,0,8381d523624524816faf5ab146a44f85,0.01777827592875855,2025-06-15T11:01:05.004866,2d4cbbfcf4603dc3485d2e7bc454f2d6d358abd731dd9e5ddf829a5422caa30a
7.980024236785742,,data/benign/7z24.09-zstd-arm64.exe,2879229,7z24.09-zstd-arm64.exe,True,0,2194113a121c1325a6d4e461fc8b23af,0.017361939602581106,2025-06-15T11:01:05.077179,f732fb837da2b8445e54ab5d5e0101654e7c41e5c6bda6ef8f8be653123a30e5
7.997025528587382,,data/benign/PowerToys_v0.87.1_PowerToysUserSetup-0.87.1-arm64.exe,282975480,PowerToys_v0.87.1_PowerToysUserSetup-0.87.1-arm64.exe,True,0,053fa3ba806ed0564572b0aa48b8fc28,0.0035469716316056782,2025-06-15T11:01:12.840046,212fc8055789bd2dc4de554b9aee291a9c077907e263a302939266263a9d512b
5.330494193122138,,data/benign/portableapps_com_e688e829_.exe,25777,portableapps_com_e688e829_.exe,False,0,35ea78982730c804f5d4aa9e234ca12f,0.0,2025-06-15T11:01:12.841712,580242b29c09d4341adc61f0542510ad8400ee4eca126084c1ad50c90f48f2a0
5.325611295866658,,data/benign/portableapps_com_f89b363e_.exe,25761,portableapps_com_f89b363e_.exe,False,0,ea4f35d6fb07ed96b558b99222e684d9,0.0,2025-06-15T11:01:12.842855,bf80a22425b1d62f37103b15a88504c6dfdf6437e05f01d3d1c6b08475aa5fa5
7.978322445224089,,data/benign/notepad-plus-plus_v8.5.4_npp.8.5.4.Installer.arm64.exe,4327544,notepad-plus-plus_v8.5.4_npp.8.5.4.Installer.arm64.exe,True,0,025ebe86c5d8168e54e0a932151700f6,0.018543081248856164,2025-06-15T11:01:12.978120,8954ab7e47cd295d32b9f32fa98202c59dfdf7bbe70f46bf227142de86198fed
7.97930849353294,,data/benign/notepad-plus-plus_v8.5.3_npp.8.5.3.Installer.exe,4448528,notepad-plus-plus_v8.5.3_npp.8.5.3.Installer.exe,True,0,74d0621964cff1970f9044e5d3562953,0.018115430542417627,2025-06-15T11:01:13.123424,2df4bb1e9437d1abe991e5f5b7c3efa990be48d0a8954fe560ee2c317c740858
7.9892946841995505,,data/benign/notepad-plus-plus_v8.8_npp.8.8.Installer.exe,6646576,notepad-plus-plus_v8.8_npp.8.8.Installer.exe,True,0,467c5b83bd1438a9d28d31cb36ad4fb3,0.013441055966259921,2025-06-15T11:01:13.336091,25128a1e120ad01c705841b6441baccca96ce30ed03b2c9ba3dcd35a8f93d485
7.9792182780038665,,data/benign/notepad-plus-plus_v8.5.4_npp.8.5.4.Installer.exe,4453472,notepad-plus-plus_v8.5.4_npp.8.5.4.Installer.exe,True,0,e48e79c943a953041bd809376e2fead5,0.018147863060551408,2025-06-15T11:01:13.466080,5a3b915f1619c671699d08528fe23466cabfcc63d787c44586bc096d8536268f
7.977720452679335,,data/benign/audacity-win-3.7.3-32bit.exe,15528616,audacity-win-3.7.3-32bit.exe,True,0,be5260066412f91fa01e2f7cac9e9481,0.018005210509423376,2025-06-15T11:01:13.961505,d0bc10fb9689e6954f5bb9d6006c7f1af37627ed215aab8ed294820a36e00a01
7.998927321711014,,data/benign/PowerToys_v0.85.0_PowerToysUserSetup-0.85.0-x64.exe,257679360,PowerToys_v0.85.0_PowerToysUserSetup-0.85.0-x64.exe,True,0,cc172f694eb9608bfcb9d26da20c3333,0.0038168443138014625,2025-06-15T11:01:20.351411,004afa4d99ae808190a49a62be50672a2d3ed8b91b0c3f9345c30e7eb8379752
7.988365821017699,,data/benign/notepad-plus-plus_v8.7.6_npp.8.7.6.Installer.arm64.exe,6325496,notepad-plus-plus_v8.7.6_npp.8.7.6.Installer.arm64.exe,True,0,c0ea1d69e2701e456bcd25c5fe45cdc2,0.013925390198650035,2025-06-15T11:01:20.530447,f6a10a56724c2a4478510f5aff54af973d91422ba3aa47582d959422ea901ce8
7.979371053462539,,data/benign/notepad-plus-plus_v8.5.2_npp.8.5.2.Installer.exe,4470392,notepad-plus-plus_v8.5.2_npp.8.5.2.Installer.exe,True,0,581ab180dc8c4f65f92c7457f6cb40ab,0.018101097174475975,2025-06-15T11:01:20.638657,884ee52151a87bd7e1f0bcbfec151e652f8e29640141da1f6b7f3e3c5c558cf1
7.91901788542196,,data/benign/downloads_sourceforge_net_5a9a3f14_jPortableBrowserSwitch_1.0_English.paf.exe,678824,downloads_sourceforge_net_5a9a3f14_jPortableBrowserSwitch_1.0_English.paf.exe,True,0,f0da944b9f5c5803318c79d7eeeca80e,0.03643801633413079,2025-06-15T11:01:20.655465,bd2cc4ed5309adbae88ef6e401b33ee922e088d9fbca95d4c9d1b2a440d5cd80
7.996172738318841,,data/benign/7z2301-x64.exe,1589510,7z2301-x64.exe,True,0,e5788b13546156281bf0a4b38bdd0901,0.008637882114613938,2025-06-15T11:01:20.697741,26cb6e9f56333682122fafe79dbcdfd51e9f47cc7217dccd29ac6fc33b5598cd
7.996893386969654,,data/benign/PowerToys_v0.91.0_PowerToysSetup-0.91.0-arm64.exe,400964920,PowerToys_v0.91.0_PowerToysSetup-0.91.0-arm64.exe,True,0,4df46c7c89160bac44fc12a53aedaae8,0.0034888488499193395,2025-06-15T11:01:31.947133,28bd1fefa22c52279c6b600e677b425b014d1f9190ea449d6c63fc2702092da3
7.979815844896171,,data/benign/notepad-plus-plus_v8.6.7_npp.8.6.7.Installer.arm64.exe,4508288,notepad-plus-plus_v8.6.7_npp.8.6.7.Installer.arm64.exe,True,0,421f60a9aff6239a96fa5f67328afce9,0.01790990282785838,2025-06-15T11:01:32.150940,af2c966648c3059f503af31ab91cf5036dd66350471e265139118ae91b462da2
7.988830273288147,,data/benign/notepad-plus-plus_v8.8_npp.8.8.Installer.arm64.exe,6473496,notepad-plus-plus_v8.8_npp.8.8.Installer.arm64.exe,True,0,12bcf5f6d663f51a0ed31a3df04f5745,0.013677926115965779,2025-06-15T11:01:32.419916,d2db35341b8b1a60ef43c370fab1296d7eac1c073b188aaa23e488c7b6c6a18d
7.977996515020989,,data/benign/notepad-plus-plus_v8.5.2_npp.8.5.2.Installer.arm64.exe,4310120,notepad-plus-plus_v8.5.2_npp.8.5.2.Installer.arm64.exe,True,0,4949c73800d5b8340e313ca60071cf3f,0.01865029279927241,2025-06-15T11:01:32.598290,4fea8ce3b4b113fd4b9ffc32b1cc60f078aa33a722121b0c6eef9b672cb64637
7.979587502920502,,data/benign/notepad-plus-plus_v8.6.5_npp.8.6.5.Installer.arm64.exe,4491072,notepad-plus-plus_v8.6.5_npp.8.6.5.Installer.arm64.exe,True,0,a03bfc4a87eaa380479fe92fc5a5f1de,0.01801195794678865,2025-06-15T11:01:32.780883,3f483ad06139a5ff90b19b10110114a99d063c352b4a006cf66e0601d48bd419
7.988298687327004,,data/benign/notepad-plus-plus_v8.7_npp.8.7.Installer.arm64.exe,6309832,notepad-plus-plus_v8.7_npp.8.7.Installer.arm64.exe,True,0,e07dcb755ab859f80d9f095ca69ee276,0.013954888180858063,2025-06-15T11:01:33.047413,35528046d244f957d67379c11f5e87be8fd72e3407cf5da10801c4ade480d342
7.988958742370628,,data/benign/notepad-plus-plus_v8.7.9_npp.8.7.9.Installer.exe,6542376,notepad-plus-plus_v8.7.9_npp.8.7.9.Installer.exe,True,0,79b7d6b064fbeef72b1057a60217e7d2,0.013597659321323018,2025-06-15T11:01:33.344779,158d92bea525b9dee516f0b493b0fe8bea026039b0fd0f5178e70eb3a3667969
7.9992405787283,dropper,data/malware_samples/dropper/9f356871e7ba9c38abab14c34dc6b8648df04877937fb0c1952cd3e44156b3e5.zip,236443,9f356871e7ba9c38abab14c34dc6b8648df04877937fb0c1952cd3e44156b3e5.zip,False,1,3a6fa7767bacb68df72e01ba11ce3aaa,0.004068633877932525,2025-06-15T11:01:33.363898,dfa0d68643b2ecd6db6cb12b74a5670a0171431a15c7e581d9e9f4408c61fdc9
7.9999658664954225,dropper,data/malware_samples/dropper/fe18dba2d72ccf4a907d07674b18d1bc23e3ea10f66cbf2a79e73000df43b358.zip,5958664,fe18dba2d72ccf4a907d07674b18d1bc23e3ea10f66cbf2a79e73000df43b358.zip,False,1,066999f6995454edcf8f73207b98d560,0.003912118555434574,2025-06-15T11:01:33.509522,7747875c80b20b9da8f8ef7dc0bfa0c3d539881daa33e58fd996ecc5429bd274
7.991054173650721,dropper,data/malware_samples/dropper/16328212055d6aa79c45b6624607f74b732b159db4c6cdf7d8e6835ebdc6e392.zip,22824,16328212055d6aa79c45b6624607f74b732b159db4c6cdf7d8e6835ebdc6e392.zip,False,1,490183594528ed637c259f98e6bcded2,0.006221521205748335,2025-06-15T11:01:33.510890,aef383e82491818e73f9cd888b4f54d61f4bd3bb6457e43938d6de550a5febaa
7.996921964246161,dropper,data/malware_samples/dropper/b7bfd0ecc11d4b3aa7b6130b46bcb7b72cba8917e17c5bbd57cb15ad668c7b38.zip,68533,b7bfd0ecc11d4b3aa7b6130b46bcb7b72cba8917e17c5bbd57cb15ad668c7b38.zip,False,1,6cfb5fbb564a954761d2c512eb3496db,0.004727649453547926,2025-06-15T11:01:33.512948,40bdeb9670321362ee65d1787d54b6a842670e36a9e3978799a326e041023ae3
7.999311427497284,dropper,data/malware_samples/dropper/44b1d6e0cc054e581350739403e2c9b99e5758bd3da8b10cd087626272d71e91.zip,244991,44b1d6e0cc054e581350739403e2c9b99e5758bd3da8b10cd087626272d71e91.zip,False,1,ededfdb2393f4c59337dcce3dd8e39f2,0.004126682204652416,2025-06-15T11:01:33.518951,8cc2f0157688fe318104a13f66964ce1d278ef30f55f4f77860f03c59726bdc1
7.9996616001691345,dropper,data/malware_samples/dropper/90bc8a0bbefdcd114c58962e344314dcb07f897b652afc67874fb4feb7d46650.zip,556358,90bc8a0bbefdcd114c58962e344314dcb07f897b652afc67874fb4feb7d46650.zip,False,1,df1d0fb3206412bc2b943834855ea6fd,0.00383026756153412,2025-06-15T11:01:33.531888,401bd96ee4ba4914b0e761d920070a93cff0c43e772c3d53c619d1aa0e2b7f1b
7.9331102718363375,dropper,data/malware_samples/dropper/d28437f0d1be864079538b0e4dd2e2f56efd86ec1b863a178861e696b186eba8.zip,4528,d28437f0d1be864079538b0e4dd2e2f56efd86ec1b863a178861e696b186eba8.zip,False,1,e80703a080488920f725d22889468b9f,0.014575971731448763,2025-06-15T11:01:33.532495,aa6d57ef66c7c6ba7ee9663996de7f6098e4cd34fa1831b831ed28c7213fe80f
7.999183900194304,dropper,data/malware_samples/dropper/e3c501042fb287379213303700b26df24a3c53af91c9c08387ddfeacd296f062.zip,270845,e3c501042fb287379213303700b26df24a3c53af91c9c08387ddfeacd296f062.zip,False,1,a60c205744e0243f16aa43b75d5bd692,0.004031826321327697,2025-06-15T11:01:33.538831,7d7139096c9b378208dd0a8514f706be2f255cbb3c27202e0bbb7996a0fe7d0e
7.999194044229688,dropper,data/malware_samples/dropper/023e94b66bf51c029f05aef8918245176a5e574c3ef82b4b908f917bfcf7674c.zip,231812,023e94b66bf51c029f05aef8918245176a5e574c3ef82b4b908f917bfcf7674c.zip,False,1,aeac98fbcb98ce6d4fbf47d9ea0cf8c8,0.004063637775438718,2025-06-15T11:01:33.544305,f39392ad2a034db6455e7100628b15e067c33d0efd102791501dd781960760e8
7.998756138781368,dropper,data/malware_samples/dropper/e5abb3371787fbc9567867a1304cc18624134417480ee5d8d1e4f1d4368cb114.zip,138541,e5abb3371787fbc9567867a1304cc18624134417480ee5d8d1e4f1d4368cb114.zip,False,1,99be3d2d59f85f05efd28e8f18e29a85,0.004085433193061982,2025-06-15T11:01:33.548033,a855bf273e1c1e240ba68729f7735379eeaa3911531c5200fd7f14b60c44270b
7.999706442411909,keylogger,data/malware_samples/keylogger/4b36a540d1cd169e1b10494068ad1980494d300ebd619840bf69cbe4d388e829.zip,529492,4b36a540d1cd169e1b10494068ad1980494d300ebd619840bf69cbe4d388e829.zip,False,1,3d9e505618d83d7f9fce40ff56014589,0.003945290958125902,2025-06-15T11:01:33.561598,8f08c89ec6ac938c408f3212817bb9eaadf8517ed39542a0b788a01ef06aad41
7.946968714531869,keylogger,data/malware_samples/keylogger/b106f5b826b7d98a5b24487bc596827451b91fbb874d8feda6cfe7adda4331ac.zip,5476,b106f5b826b7d98a5b24487bc596827451b91fbb874d8feda6cfe7adda4331ac.zip,False,1,8144ece523f4f186fb30192074acc353,0.012235208181154127,2025-06-15T11:01:33.563093,000648d67820450e1f6c81bbb5bb297cf70777bea378dda996cfcddd2d8797c2
7.999939343434657,keylogger,data/malware_samples/keylogger/2bd70e44e12dd35dd329a3f9b944533335cb40fc9573cf49271fdefd9e9152e4.zip,2852008,2bd70e44e12dd35dd329a3f9b944533335cb40fc9573cf49271fdefd9e9152e4.zip,False,1,8b988fcb0c9d281f05cfd1d66b7ae276,0.003913733762317637,2025-06-15T11:01:33.630264,65ddf04ba894a7ebd4bf26fdf1147e5fa1a8b5f190d8264d23d792a8b6c8e95b
7.999655301016438,keylogger,data/malware_samples/keylogger/97675879147c218f8fa07cf6df34d9c308f058a511e3197280b8787f38c45073.zip,553104,97675879147c218f8fa07cf6df34d9c308f058a511e3197280b8787f38c45073.zip,False,1,2fad1c1dcfb828956d36b9b14b22a3b8,0.004024559576499175,2025-06-15T11:01:33.643752,d2d019d36c737b700cc244ecb3bfa10d7b32414fddda62a9e21764bf183e5f8f
7.999685501001103,keylogger,data/malware_samples/keylogger/719dd87c8c8ee0ea330034bd8c6dce25093686ce7afd7c96427bcd66489beafb.zip,578513,719dd87c8c8ee0ea330034bd8c6dce25093686ce7afd7c96427bcd66489beafb.zip,False,1,72fb06f1f3f79c073dee377937d18528,0.004034481506897857,2025-06-15T11:01:33.658152,b9ed7785610c7516141cee15dca50cb861db974b176f68d79357af8ddb890eca
7.997082174547025,keylogger,data/malware_samples/keylogger/a2bf7e2d657258fc5a6a6b5b7f8994a7abf59260e83e0e4be4127531fbbf959c.zip,69082,a2bf7e2d657258fc5a6a6b5b7f8994a7abf59260e83e0e4be4127531fbbf959c.zip,False,1,39be4b30cf0c780c8a7d4be84c43fd2e,0.004675602906690599,2025-06-15T11:01:33.659963,071b029271d398d78460d984c79bfee086abc9c7009c5d9aef43efb3f2b2b050
7.9932014467013115,keylogger,data/malware_samples/keylogger/6b5d2ed235ccf7757a7144116baf1376abfd13b7fa5d87d130db3af889c72a51.zip,32807,6b5d2ed235ccf7757a7144116baf1376abfd13b7fa5d87d130db3af889c72a51.zip,False,1,a5a0fba449da790c405b73a0f20f67ac,0.005486633950071631,2025-06-15T11:01:33.661020,91a075061e2ff5d1d4a4162c36704ba72ce15a44fccf9376b25f2184325031ec
7.989004577770969,keylogger,data/malware_samples/keylogger/ddfc9420dd7d61ff16c24433bb7bc678301f8fae7842fd1298e3851fd04a912e.zip,18159,ddfc9420dd7d61ff16c24433bb7bc678301f8fae7842fd1298e3851fd04a912e.zip,False,1,8e51138f9ab3d90f46e67cff44c86059,0.006277878737815959,2025-06-15T11:01:33.662120,3ec0b686970dbf21391a4804247fc1e2129da0c258d2d263516364e233096f46
7.999978075239807,keylogger,data/malware_samples/keylogger/09669bbbfb0d5da0452ecd2df816ec6aaf6f8ca82659fcd87865c26fa0015874.zip,8328575,09669bbbfb0d5da0452ecd2df816ec6aaf6f8ca82659fcd87865c26fa0015874.zip,False,1,3860e54b75154414c84d2db16b7a03b7,0.003914715302437692,2025-06-15T11:01:33.867222,05d9e5e28c00000641a706ce04d15579849003e2932bd038a4d9eaa23633638b
7.998902731939035,keylogger,data/malware_samples/keylogger/6b0936605c05ecd3e9658d3acfb9195893924778f3a41b2f74187de30a9af352.zip,154886,6b0936605c05ecd3e9658d3acfb9195893924778f3a41b2f74187de30a9af352.zip,False,1,23f4872b02d59c55e5dd97c76891299d,0.004293480366204821,2025-06-15T11:01:33.872993,b2c22307c605e3f8d5ea805a5eee04ef872397e36113b0dfacc69fd0fe59ba91
7.998313836557239,ransomware,data/malware_samples/ransomware/47abbb7ad1ca5dea21674694dbe2dd59ebd4be8ce2fc15554c68574614f3d136.zip,129026,47abbb7ad1ca5dea21674694dbe2dd59ebd4be8ce2fc15554c68574614f3d136.zip,False,1,f14bd7d7578c8e3a50eae61c40364677,0.004309208996636337,2025-06-15T11:01:33.877491,d8730c8f7aeeb2d40f0812c58937a6c3f77cbddde6c2193a23b434c8a44783d8
7.999919636366755,ransomware,data/malware_samples/ransomware/85a6bca0ebd3e1c99d8fd6669a6db6ddd8463b7c7edaa87702ca2a425fc5cce5.zip,2160893,85a6bca0ebd3e1c99d8fd6669a6db6ddd8463b7c7edaa87702ca2a425fc5cce5.zip,False,1,0180e41197ca09cad6aafef82cd00204,0.003982612743898009,2025-06-15T11:01:33.929611,d4ec11eb9c5d38e1a59c3dbd9a5853db5fc34af93fa2b98f6961cbf97a9a49fd
7.999896845315701,ransomware,data/malware_samples/ransomware/51d3aa054c3c98e25e973f16a75b267b1b4823cb5edd9ba0fedd85f12a44567c.zip,1849578,51d3aa054c3c98e25e973f16a75b267b1b4823cb5edd9ba0fedd85f12a44567c.zip,False,1,55e89d9061f66a6d27e05548c3ab4d9f,0.003963066169688437,2025-06-15T11:01:33.979613,22e9957c5725238a65c56326ffda2d15dbe9cf61735bec309ff29a7fa4a0f0e9
7.99990039618112,ransomware,data/malware_samples/ransomware/e06afc45a77a51ff9c8ab94fcd5a4777af1cc374e2d9f73b91a1780bfa42e3fe.zip,2091943,e06afc45a77a51ff9c8ab94fcd5a4777af1cc374e2d9f73b91a1780bfa42e3fe.zip,False,1,9123fb4339587ad9b812c165efcd0691,0.0039083282861913544,2025-06-15T11:01:34.043885,1519a1796fd511aaf8d5718e9e2aeac1efd4f125a53cc3633b770cba594fcac4
7.999916292880444,ransomware,data/malware_samples/ransomware/962caf150b14b5804de96484e8b911f93fcb26ab11f7e713d3f0c02a211c2577.zip,2328029,962caf150b14b5804de96484e8b911f93fcb26ab11f7e713d3f0c02a211c2577.zip,False,1,d6739ba664839c88317b8a62d9b8aa36,0.003939383916609286,2025-06-15T11:01:34.105385,8ccb31046d124d29e0d47d0ce887b947f73bef0b96feae0cb478cb52933a9d81
7.999837744996577,ransomware,data/malware_samples/ransomware/d551a474ecf0b7d1ba6dda319e3b77fdecf39489eaf14b7d8837002f2d31387b.zip,1267588,d551a474ecf0b7d1ba6dda319e3b77fdecf39489eaf14b7d8837002f2d31387b.zip,False,1,f2a40f1defd4f8b66e34e85f3fec1209,0.003922410120638567,2025-06-15T11:01:34.138134,a135f5621f9701f9c09c9c836892297292bfa4048055dd118d7e3a150fc19621
7.99994103417793,ransomware,data/malware_samples/ransomware/3bbe95a65e0ef8862e242d522d85050e25d0897cfe0a19f0739f5499b17eb55b.zip,3214064,3bbe95a65e0ef8862e242d522d85050e25d0897cfe0a19f0739f5499b17eb55b.zip,False,1,bad03fe41ec60284c70f922494c551da,0.003932715714435058,2025-06-15T11:01:34.218896,a8554ff7fad5c75545268f756de1f212ad59b715692bf9a1cf9265c195c60232
7.9999500868779725,ransomware,data/malware_samples/ransomware/5393ae32ac0338e591278eeb2cfd05a8140e4d98f8654a6da51646c12acbf3c3.zip,3482167,5393ae32ac0338e591278eeb2cfd05a8140e4d98f8654a6da51646c12acbf3c3.zip,False,1,338b62b2af798b75258950d9e2eb8325,0.003939788068751442,2025-06-15T11:01:34.304985,b23e60bae1af15487cc446b61d3946f721a82dfc58e275230b16ff15b902d4cc
7.999893024241075,ransomware,data/malware_samples/ransomware/84855a4c23222f861135a3b0be879a573cb91ec7827a7fa6d119f38c43b3730b.zip,1939016,84855a4c23222f861135a3b0be879a573cb91ec7827a7fa6d119f38c43b3730b.zip,False,1,f94b40e5b0a10dab397384b6cef3e149,0.003916419462242704,2025-06-15T11:01:34.352212,55b7269b9df280284f8969ec05f91aa5cc4b32836fb0a0062ca98ca94b60cdfb
7.999944065583948,ransomware,data/malware_samples/ransomware/62e9391e7aada2e5c0ee36f418c78da93bafc6db05fc05ca8a7dce824ced2e62.zip,3599674,62e9391e7aada2e5c0ee36f418c78da93bafc6db05fc05ca8a7dce824ced2e62.zip,False,1,eac7b3d6a488abfdb3ad09e6e1e2ddd7,0.003928411295022827,2025-06-15T11:01:34.448538,574393b76165ab5fb548c4bc32f144d2666120493dfe9e6cf69763a76b3a0563
7.988340838611831,rat,data/malware_samples/rat/bfe09fcccf2ed848529cbc5675e0ce5df3365e6e04291ef664324ca93b560ff0.zip,17418,bfe09fcccf2ed848529cbc5675e0ce5df3365e6e04291ef664324ca93b560ff0.zip,False,1,8dd980153b8a776eb8da84f790a62fde,0.006487541623607762,2025-06-15T11:01:34.450291,109b70a80e6dc1e8fa965682ab8e1458e8d1c2ea4c8c36351221e34e98c05cab
7.9865276345064675,rat,data/malware_samples/rat/efbf95eabba28e2a3201a4f52180d1e043c588d2cdd262210fad2dd46c68acb5.zip,17425,efbf95eabba28e2a3201a4f52180d1e043c588d2cdd262210fad2dd46c68acb5.zip,False,1,4db7632a053bff1be98c65ac486ae10c,0.007230989956958393,2025-06-15T11:01:34.451451,641d5b477ba136914b66919fe1d6425b681e87872ff9988d93612f1e9f6fd073
7.985040274457316,rat,data/malware_samples/rat/f8156ed1279e27c233dd153dacfc4fc6748a9ee5c86e481be9eb8b2ea56b2c42.zip,17426,f8156ed1279e27c233dd153dacfc4fc6748a9ee5c86e481be9eb8b2ea56b2c42.zip,False,1,8b3e0319979e856fdf3e47d565252f94,0.007747044645931367,2025-06-15T11:01:34.452491,1953f48249dd3d96bf2df36c25adb80c6573804f0cfae0f2f6322dbc6f19f32a
7.986912420398043,rat,data/malware_samples/rat/dc5884382adce5cdceed6ffe5cfc52b3b2c54299299ba7c013ce14f132a68ec8.zip,15787,dc5884382adce5cdceed6ffe5cfc52b3b2c54299299ba7c013ce14f132a68ec8.zip,False,1,3eee462ac1066b7157c6499a4f2c8ca5,0.007474504339013112,2025-06-15T11:01:34.453475,a46cf698897d85fe8ad428e8e0cbb54b249eef16649bb3ba3eb755ed01ce0bf9
7.999786542524897,rat,data/malware_samples/rat/f537e359f3d19f0f120304027212e4660404d2c2111a7d576f4d466775f2bc98.zip,777774,f537e359f3d19f0f120304027212e4660404d2c2111a7d576f4d466775f2bc98.zip,False,1,d32a6a888dce119caa1f9ea23d86bf21,0.003944590588011427,2025-06-15T11:01:34.474274,5f88119b8976fdd648d4c673ca9d3f31bff7fb2890f862326eb4ac484918886b
7.999617473225962,rat,data/malware_samples/rat/9673b6446b1a2e30ada75ef67a2172dbcf6f215b4b4750084db5ceca1b5d6aa2.zip,539230,9673b6446b1a2e30ada75ef67a2172dbcf6f215b4b4750084db5ceca1b5d6aa2.zip,False,1,06f2a3b858b3b09b99c7e719228b2944,0.003985312389889286,2025-06-15T11:01:34.489032,46af6d8d82a27fbeb2d9640268cd88d14de5cadb04e4e3c23341c4dba0ad7fa3
7.985436527348452,rat,data/malware_samples/rat/a6a9aac8006970c8f1edc7ad272fc663c6df60dfbd707670739fd62d05791e2c.zip,17422,a6a9aac8006970c8f1edc7ad272fc663c6df60dfbd707670739fd62d05791e2c.zip,False,1,7ecec5c9fab15bd091d82bb84c628b54,0.0079784180920675,2025-06-15T11:01:34.490096,8a42727bdbf416bf1bda7823f8a79b84672885e28422d235ff94755c192347da
7.947348518694663,rat,data/malware_samples/rat/6c4289fd06fafc0a4ec36ce9ee5ba34861c5dea0587985ea591aef3bbfa5339b.zip,5072,6c4289fd06fafc0a4ec36ce9ee5ba34861c5dea0587985ea591aef3bbfa5339b.zip,False,1,4b9c279517a1dd0a0ea7790e2eaa01e0,0.013012618296529969,2025-06-15T11:01:34.490751,21ced3a0c1f94ab19ffaa9a64b8a210276af7e879ace104772b82f0e6fae3c09
7.945073820329287,rat,data/malware_samples/rat/214a537505c035047de77a0d9324d8b7bb28cce8ddc14c8eda4dd9d59173fb4a.zip,5155,214a537505c035047de77a0d9324d8b7bb28cce8ddc14c8eda4dd9d59173fb4a.zip,False,1,98c54cb6a199786b4d5fc7cb8c5c326a,0.013191076624636276,2025-06-15T11:01:34.494140,bda99dce1f7c804af0ea79b599739e131a1203d3635d928254ecc6375c2e83fd
7.99995129059004,rat,data/malware_samples/rat/49db258ee593c0dac778e494e4e9936959bf69375bc3fa0d733664ce4200b6c8.zip,4109008,49db258ee593c0dac778e494e4e9936959bf69375bc3fa0d733664ce4200b6c8.zip,False,1,3d3b3203d56567b252d7bf6933bbe3f6,0.003935986496010716,2025-06-15T11:01:34.610256,17a3d4d0a24b18c4c1c9a6c283ee22e3333c390344eabb4612348540ca273a26
7.999945249742803,trojan,data/malware_samples/trojan/7dc757fd95c0e7bffc70a8029b1ad967488b4b8b44c2f8c96ad695601495c0f4.zip,3285130,7dc757fd95c0e7bffc70a8029b1ad967488b4b8b44c2f8c96ad695601495c0f4.zip,False,1,fc1e759b64e563d2962df9508ecc6371,0.004010191377510175,2025-06-15T11:01:34.698271,a891d07176051ceb1d3ef24debfcd9087b5ea4c79d6330227099f97aca81b21b
7.999751696751706,trojan,data/malware_samples/trojan/dc29c088109f47fe4f81dacec15cc9f6eb415006da5ba569c6fec3da4d57098b.zip,654064,dc29c088109f47fe4f81dacec15cc9f6eb415006da5ba569c6fec3da4d57098b.zip,False,1,fa9f64438503b249240c9cfc48a67378,0.00403477335551261,2025-06-15T11:01:34.719296,fa0c1c17c45a7ce5cf3499321dedcc72563153dc099d79e453a6acb7627f992a
7.999853193641506,trojan,data/malware_samples/trojan/a087176565107fc18fcf3a70209bdbdbe3756a8a2e8220d80f60b18330b6670f.zip,1304134,a087176565107fc18fcf3a70209bdbdbe3756a8a2e8220d80f60b18330b6670f.zip,False,1,e7b4d380d5dc432cbc477cf7d1ea43c4,0.004083936159934486,2025-06-15T11:01:34.753240,98eb676b82c857df3eb1359241aede7ba90cf46ff678d200a70f899318ff6bae
7.999730146365687,trojan,data/malware_samples/trojan/b7ca5eee2c0af78525e33094a2c1d38f639824b8f051a50216dc47417f426bba.zip,658758,b7ca5eee2c0af78525e33094a2c1d38f639824b8f051a50216dc47417f426bba.zip,False,1,64445d45724a9025663bee3fbcdd8491,0.003940749106652215,2025-06-15T11:01:34.772446,2592e9210445a0baa9fff871d451fd150a9d2d899863852bbe6f3efc4d532f13
7.999778189650773,trojan,data/malware_samples/trojan/addfc5202a07b64a4e598eca49b5cbc062a61dd77f6ce5fd27af70b534a92340.zip,846053,addfc5202a07b64a4e598eca49b5cbc062a61dd77f6ce5fd27af70b534a92340.zip,False,1,8685fd59fc356a189e08db67d416f691,0.003811817935755798,2025-06-15T11:01:34.795858,4f0334d95d7c98c9fa63cc31ae36e17d683a4d373c3dad80f3aa60bc6225f2bb
7.995178791228407,trojan,data/malware_samples/trojan/78ee0918c150a04c083ab738992e8922a4947ca0f0d305b8e5f8810ab920538c.zip,38764,78ee0918c150a04c083ab738992e8922a4947ca0f0d305b8e5f8810ab920538c.zip,False,1,ffa8a0b609ad6ca05b7e8ac33495e70c,0.005391600454029512,2025-06-15T11:01:34.797945,a59fe815051fa1768be28780025ef391611b3c7c42daec42f7efff2dc62fe2fd
7.9997142751001356,trojan,data/malware_samples/trojan/8ab482fcff7b3d44c52abf4fb2665f8a0d08f4876cceb177df10dfdca43b101d.zip,700333,8ab482fcff7b3d44c52abf4fb2665f8a0d08f4876cceb177df10dfdca43b101d.zip,False,1,9ab73ee2c6b68aabd5c8d59890b5f9d4,0.004048074273238588,2025-06-15T11:01:34.816850,b64a74317ff0a35f50a8f60c248c2dbf49378f41e6b3802e410c61f061f563db
7.999735118565126,trojan,data/malware_samples/trojan/156ffbc1adf860198501bf76e6428debdfa847e13e73796ee9bad6e982bf94d4.zip,668195,156ffbc1adf860198501bf76e6428debdfa847e13e73796ee9bad6e982bf94d4.zip,False,1,4060ab87a69a57e495d8394ff3898f49,0.003868631163058688,2025-06-15T11:01:34.834864,9e67175cdab53c8ef00cd02a6fd937ae24515c64ef714dabe14568068263d8ab
7.999690544024007,trojan,data/malware_samples/trojan/4eb64d968e19832530386bde4bb0de0981a9d777415398c9de45e936da4104ca.zip,651790,4eb64d968e19832530386bde4bb0de0981a9d777415398c9de45e936da4104ca.zip,False,1,23ecc4d31b39371b13f3f1f676cad02a,0.003896960677518833,2025-06-15T11:01:34.852306,3ef4b4d7f3d56f9c35a8626c0b842505c41bebcdc9e25216d71bbf2cb2f924bc
7.99994762210179,trojan,data/malware_samples/trojan/fc49e4d3e74736a7e65b6c5807297c14abd6f7e764d1b7739d5e09e26b214fa7.zip,3312333,fc49e4d3e74736a7e65b6c5807297c14abd6f7e764d1b7739d5e09e26b214fa7.zip,False,1,aa66a7f502a3a51ad0c941a98e405373,0.003913857694863409,2025-06-15T11:01:34.940729,14717f7aaad946fb0ebdc95ec91b8513922c1649a359d58062743c7a5715d7ff
7.998891039918054,worm,data/malware_samples/worm/0a847e9fae14a0b8d1c738ee0e0ff05a16780f761787560aacb7d42363f9b40e.zip,157732,0a847e9fae14a0b8d1c738ee0e0ff05a16780f761787560aacb7d42363f9b40e.zip,False,1,de01155e7ebd53012dac7b78522b45b1,0.004133593690563741,2025-06-15T11:01:34.946206,3167f012a0759c156034bab0d91c67828e02f06cd60ca64bf369c582db051d34
7.998737496081417,worm,data/malware_samples/worm/6aac27448e10b45cdbea6b043c5899f4bb0c7e740fd68cfe7a8dc1d51e3d5f94.zip,158000,6aac27448e10b45cdbea6b043c5899f4bb0c7e740fd68cfe7a8dc1d51e3d5f94.zip,False,1,95db5fe00357b92366d10dd13bda6eb8,0.0040949367088607596,2025-06-15T11:01:34.950896,e139f201d01ba5349f951450eff6f053b6bc0ee82dfa2ac6aa389c37b3363ac8
7.999728540136671,worm,data/malware_samples/worm/3a4fc5e3a3a36a32b9885af4fed1220956f1f00b6182a68729e47f6760496eb0.zip,649919,3a4fc5e3a3a36a32b9885af4fed1220956f1f00b6182a68729e47f6760496eb0.zip,False,1,bf279c024eeabc1995ecdb10c621569b,0.003806628210592397,2025-06-15T11:01:34.968412,d178ce4ec1f53d14ea76c768f0325c5785a556c96f307a5f73d0d6900bb62db5
7.994245940906939,worm,data/malware_samples/worm/40d86a2823c058ce71763be61f4cf3b3abb9205cf8443803fbd47195ec5b0bd4.zip,33606,40d86a2823c058ce71763be61f4cf3b3abb9205cf8443803fbd47195ec5b0bd4.zip,False,1,68d193e23e3f9145497664009ba39f50,0.005743022079390585,2025-06-15T11:01:34.970154,da5a00067f48406d0c98aad13f42feb3c466fd9df37bb8b78cf462e03915c1d9
7.9987001908207125,worm,data/malware_samples/worm/1192482f9f8f87a01977b4dd3e185d4b60319175b789b3e7a60ad6554c120a0d.zip,156585,1192482f9f8f87a01977b4dd3e185d4b60319175b789b3e7a60ad6554c120a0d.zip,False,1,5922e831287ad6b9ae5d113f48a6bc1d,0.004259667273365904,2025-06-15T11:01:34.974363,af7f9e275140a0b41ca2a0685391ec78b4554cfb81eaa14176510c306ce4c481
7.998797307382296,worm,data/malware_samples/worm/c111825cd9ce4d7bc82d64eda636d54653d243ec392dc37cee312791e9013d89.zip,156283,c111825cd9ce4d7bc82d64eda636d54653d243ec392dc37cee312791e9013d89.zip,False,1,be1d3ebd7ef2b2eac07d1845256cb4c7,0.004223108079573594,2025-06-15T11:01:34.978698,3019575bba70f5f9b7ba7eb60cbbd6b595f80ddf1088cbbb61822d5916bf6cf3
7.998853954075058,worm,data/malware_samples/worm/5ad3a6f576cd99a855999050bf4600f6715b4a860ac1b54720105e288b17d770.zip,157520,5ad3a6f576cd99a855999050bf4600f6715b4a860ac1b54720105e288b17d770.zip,False,1,9e08c3c435eef3cd1051de28ffb14c5b,0.004196292534281361,2025-06-15T11:01:34.985546,c1fb615648af8f08db441ee6d480405732f5cfe77ae756e346620d38c218d875
7.999762464421834,worm,data/malware_samples/worm/6a4ac7106f86dfc1195a2da7701764fa26a8b55ab1d4de3edbd78efca2dc5b2d.zip,772054,6a4ac7106f86dfc1195a2da7701764fa26a8b55ab1d4de3edbd78efca2dc5b2d.zip,False,1,c44e2e2c8a1bc2d450f0d726955cabd5,0.003969929564512327,2025-06-15T11:01:35.005932,b5d3cd6e41c93a738cb42c4ef39353c89ffea891a41f0b285aea6568814ea020
7.998687170054589,worm,data/malware_samples/worm/8403b30af66671e82cd9f0647a06db2503c3eb732c86f0be8c9200df3c02f19a.zip,159278,8403b30af66671e82cd9f0647a06db2503c3eb732c86f0be8c9200df3c02f19a.zip,False,1,ae5535986f00de8443d7d17f673643a2,0.0037921119049711825,2025-06-15T11:01:35.010309,cc49750eb98b907bcbc6b7de72cdad4e8f783802545050ec42e108f1acd7f504
7.998799643937028,worm,data/malware_samples/worm/9d651f48c785ac86de3e76d059385eaf9ecdb347da37f80e41d126219ce4af24.zip,165358,9d651f48c785ac86de3e76d059385eaf9ecdb347da37f80e41d126219ce4af24.zip,False,1,5320921b81208f879a41285932348610,0.004154622092671658,2025-06-15T11:01:35.015077,5bcc3fac8881d40aae45cfee29ab5cc5b219df7def9d758108e11db979e71974
